Phi_ext,I_s_original,I_s_trend,I_s_detrended,I_s_ls_fit
0.00285,1.32e-06,1.5409485411646799e-06,-2.209485411646798e-07,1.8179939558256157e-06
0.0028502,1.38e-06,1.541607741011998e-06,-1.616077410119981e-07,1.8781480738165443e-06
0.0028504,1.5e-06,1.5422669408593145e-06,-4.226694085931443e-08,1.9321884237567324e-06
0.0028506,1.68e-06,1.5429261407066326e-06,1.370738592933674e-07,1.979181685552747e-06
0.0028508,1.8e-06,1.543585340553949e-06,2.5641465944605085e-07,2.0183177509533293e-06
0.002851,1.86e-06,1.5442445404012655e-06,3.1575545959873446e-07,2.048923887522217e-06
0.0028512,1.86e-06,1.5449037402485837e-06,3.150962597514163e-07,2.0704765007353946e-06
0.0028514,1.86e-06,1.5455629400959018e-06,3.1443705990409817e-07,2.0826102885753956e-06
0.0028516,1.8e-06,1.5462221399432183e-06,2.5377786005678165e-07,2.0851246284716294e-06
0.0028518,1.92e-06,1.5468813397905347e-06,3.731186602094651e-07,2.0779870850132284e-06
0.002852,2.04e-06,1.5475405396378529e-06,4.924594603621471e-07,2.0613339770539085e-06
0.0028522,1.98e-06,1.548199739485171e-06,4.318002605148291e-07,2.035467994297638e-06
0.0028524,2.04e-06,1.5488589393324875e-06,4.911410606675125e-07,2.000852905051242e-06
0.0028526,2.04e-06,1.549518139179804e-06,4.90481860820196e-07,1.9581054476585896e-06
0.0028528,2.04e-06,1.550177339027122e-06,4.898226609728779e-07,1.907984547426435e-06
0.002853,2.04e-06,1.5508365388744402e-06,4.891634611255597e-07,1.8513780474650531e-06
0.0028532,1.92e-06,1.5514957387217584e-06,3.685042612782415e-07,1.7892871856235543e-06
0.0028534,1.86e-06,1.5521549385690731e-06,3.0784506143092687e-07,1.7228090887378358e-06
0.0028536,1.8e-06,1.5528141384163913e-06,2.4718586158360866e-07,1.653117590416789e-06
0.0028538,1.74e-06,1.5534733382637094e-06,1.8652666173629067e-07,1.5814427076020922e-06
0.002854,1.74e-06,1.5541325381110275e-06,1.8586746188897252e-07,1.5090491348876838e-06
0.0028542,1.86e-06,1.554791737958344e-06,3.05208262041656e-07,1.4372141324962817e-06
0.0028544,1.56e-06,1.5554509378056604e-06,4.549062194339649e-09,1.3672051945646644e-06
0.0028546,1.68e-06,1.5561101376529786e-06,1.238898623470214e-07,1.3002578881799337e-06
0.0028548,1.56e-06,1.556769337500295e-06,3.2306624997050514e-09,1.2375542506240423e-06
0.002855,1.56e-06,1.5574285373476132e-06,2.5714626523869055e-09,1.180202122571514e-06
0.0028552,1.38e-06,1.5580877371949296e-06,-1.7808773719492973e-07,1.129215778477204e-06
0.0028554,1.32e-06,1.5587469370422478e-06,-2.387469370422477e-07,1.0854981929530868e-06
0.0028556,1.32e-06,1.5594061368895642e-06,-2.394061368895642e-07,1.049825253084337e-06
0.0028558,1.26e-06,1.5600653367368824e-06,-3.000653367368824e-07,1.0228321927606287e-06
0.002856,1.2e-06,1.5607245365841988e-06,-3.607245365841989e-07,1.0050024861985583e-06
0.0028562,1.14e-06,1.561383736431517e-06,-4.213837364315169e-07,9.966593948417428e-07
0.0028564,1.14e-06,1.5620429362788334e-06,-4.2204293627883334e-07,9.979603154337818e-07
0.0028566,1.08e-06,1.5627021361261516e-06,-4.827021361261515e-07,1.0088940280803073e-06
0.0028568,1.02e-06,1.563361335973468e-06,-5.433613359734681e-07,1.0292808924188808e-06
0.002857,1.02e-06,1.5640205358207862e-06,-5.440205358207862e-07,1.0587759884655237e-06
0.0028572,9.6e-07,1.5646797356681026e-06,-6.046797356681027e-07,1.096875147221434e-06
0.0028574,9.6e-07,1.5653389355154208e-06,-6.053389355154209e-07,1.142923765602061e-06
0.0028576,9.00000000000001e-07,1.565998135362739e-06,-6.659981353627379e-07,1.1961282515671283e-06
0.0028578,9.00000000000001e-07,1.5666573352100554e-06,-6.666573352100544e-07,1.2555698993441343e-06
0.002858,1.02e-06,1.5673165350573718e-06,-5.473165350573719e-07,1.320220952157126e-06
0.0028582,1.2e-06,1.56797573490469e-06,-3.6797573490469003e-07,1.3889625715755886e-06
0.0028584,1.2e-06,1.5686349347520081e-06,-3.686349347520082e-07,1.4606043994126819e-06
0.0028586,1.2e-06,1.5692941345993246e-06,-3.6929413459932463e-07,1.5339053700105772e-06
0.0028588,1.38e-06,1.569953334446641e-06,-1.899533344466411e-07,1.6075954091334323e-06
0.002859,1.44e-06,1.5706125342939592e-06,-1.306125342939592e-07,1.6803976400417712e-06
0.0028592,1.56e-06,1.5712717341412773e-06,-1.1271734141277219e-08,1.751050708502352e-06
0.0028594,1.68e-06,1.5719309339885938e-06,1.0806906601140624e-07,1.818330836408464e-06
0.0028596,1.74e-06,1.5725901338359102e-06,1.6740986616408985e-07,1.8810732183804482e-06
0.0028598,1.86e-06,1.5732493336832284e-06,2.867506663167716e-07,1.938192387355297e-06
0.00286,1.86e-06,1.5739085335305465e-06,2.8609146646945347e-07,1.9887011929455037e-06
0.0028602,1.92e-06,1.574567733377863e-06,3.4543226662213686e-07,2.0317280608589373e-06
0.0028604,1.98e-06,1.5752269332251794e-06,4.047730667748207e-07,2.0665322315699496e-06
0.0028606,1.98e-06,1.5758861330724976e-06,4.0411386692750254e-07,2.0925167118151684e-06
0.0028608,2.1e-06,1.5765453329198157e-06,5.234546670801841e-07,2.1092387124690452e-06
0.002861,2.1e-06,1.5772045327671322e-06,5.227954672328676e-07,2.116417390302736e-06
0.0028612,2.1e-06,1.5778637326144486e-06,5.221362673855512e-07,2.1139387582666413e-06
0.0028614,2.1e-06,1.5785229324617668e-06,5.21477067538233e-07,2.101857678452929e-06
0.0028616,2.1e-06,1.579182132309085e-06,5.208178676909149e-07,2.0803969028786218e-06
0.0028618,2.1e-06,1.5798413321564014e-06,5.201586678435984e-07,2.049943178873666e-06
0.002862,2.04e-06,1.5805005320037195e-06,4.5949946799628045e-07,2.011040487161253e-06
0.0028622,2.04e-06,1.581159731851036e-06,4.58840268148964e-07,1.9643805308575354e-06
0.0028624,1.92e-06,1.581818931698354e-06,3.3818106830164573e-07,1.910790641681833e-06
0.0028626,1.92e-06,1.5824781315456706e-06,3.375218684543293e-07,1.8512193148191017e-06
0.0028628,1.8e-06,1.5831373313929887e-06,2.1686266860701122e-07,1.7867196253851665e-06
0.002863,1.8e-06,1.5837965312403051e-06,2.1620346875969477e-07,1.7184308163417337e-06
0.0028632,1.74e-06,1.5844557310876233e-06,1.5554426891237677e-07,1.6475583799197704e-06
0.0028634,1.74e-06,1.5851149309349397e-06,1.5488506906506032e-07,1.5753529806557988e-06
0.0028636,1.56e-06,1.5857741307822579e-06,-2.5774130782257795e-08,1.503088588757395e-06
0.0028638,1.62e-06,1.5864333306295743e-06,3.35666693704256e-08,1.4320402058321153e-06
0.002864,1.56e-06,1.5870925304768908e-06,-2.70925304768907e-08,1.363461572694827e-06
0.0028642,1.44e-06,1.587751730324209e-06,-1.4775173032420897e-07,1.2985632488902041e-06
0.0028644,1.38e-06,1.588410930171527e-06,-2.0841093017152717e-07,1.2384914471321027e-06
0.0028646,1.32e-06,1.5890701300188435e-06,-2.690701300188435e-07,1.1843079928698594e-06
0.0028648,1.32e-06,1.58972932986616e-06,-2.697293298661599e-07,1.136971759215481e-06
0.002865,1.26e-06,1.5903885297134781e-06,-3.3038852971347813e-07,1.0973219019897523e-06
0.0028652,1.14e-06,1.5910477295607963e-06,-4.510477295607962e-07,1.066063187801727e-06
0.0028654,1.08e-06,1.5917069294081144e-06,-5.117069294081144e-07,1.0437536718840807e-06
0.0028656,1.14e-06,1.5923661292554292e-06,-4.523661292554291e-07,1.0307949410063965e-06
0.0028658,1.14e-06,1.5930253291027473e-06,-4.5302532910274724e-07,1.027425092106544e-06
0.002866,1.14e-06,1.5936845289500655e-06,-4.536845289500654e-07,1.033714569376742e-06
0.0028662,1.08e-06,1.5943437287973836e-06,-5.143437287973836e-07,1.0495649326168072e-06
0.0028664,9.6e-07,1.5950029286447e-06,-6.350029286447002e-07,1.0747105783789665e-06
0.0028666,9.00000000000001e-07,1.5956621284920165e-06,-6.956621284920155e-07,1.1087233837769461e-06
0.0028668,9.00000000000001e-07,1.5963213283393347e-06,-6.963213283393337e-07,1.151020191840788e-06
0.002867,9.6e-07,1.5969805281866528e-06,-6.369805281866529e-07,1.2008730074666874e-06
0.0028672,1.2e-06,1.5976397280339693e-06,-3.9763972803396933e-07,1.2574217257473414e-06
0.0028674,1.02e-06,1.5982989278812857e-06,-5.782989278812858e-07,1.3196891700862268e-06
0.0028676,1.2e-06,1.5989581277286039e-06,-3.989581277286039e-07,1.3865981772567391e-06
0.0028678,1.38e-06,1.599617327575922e-06,-2.196173275759221e-07,1.4569904306115199e-06
0.002868,1.38e-06,1.6002765274232385e-06,-2.2027652742323855e-07,1.5296467121488207e-06
0.0028682,1.62e-06,1.600935727270555e-06,1.9064272729445026e-08,1.603308219409477e-06
0.0028684,1.68e-06,1.601594927117873e-06,7.840507288212694e-08,1.6766985745150736e-06
0.0028686,1.74e-06,1.6022541269651895e-06,1.3774587303481055e-07,1.7485461404319414e-06
0.0028688,1.86e-06,1.6029133268125077e-06,2.570866731874923e-07,1.8176062543464121e-06
0.002869,1.74e-06,1.6035725266598241e-06,1.3642747334017595e-07,1.8826829894840347e-06
0.0028692,1.92e-06,1.6042317265071423e-06,3.1576827349285757e-07,1.942650064780409e-06
0.0028694,1.98e-06,1.6048909263544587e-06,3.751090736455414e-07,1.996470536835796e-06
0.0028696,1.98e-06,1.6055501262017769e-06,3.7444987379822324e-07,2.0432149299184446e-06
0.0028698,2.04e-06,1.606209326049095e-06,4.3379067395090494e-07,2.0820774870165583e-06
0.00287,2.04e-06,1.6068685258964115e-06,4.331314741035885e-07,2.112390257730997e-06
0.0028702,2.16e-06,1.607527725743728e-06,5.524722742562722e-07,2.1336347767787326e-06
0.0028704,2.1e-06,1.608186925591046e-06,4.918130744089537e-07,2.1454511288712037e-06
0.0028706,2.16e-06,1.6088461254383642e-06,5.511538745616359e-07,2.1476442415144703e-06
0.0028708,2.16e-06,1.6095053252856807e-06,5.504946747143194e-07,2.140187295661067e-06
0.002871,2.16e-06,1.6101645251329971e-06,5.49835474867003e-07,2.123222194615573e-06
0.0028712,2.16e-06,1.6108237249803153e-06,5.491762750196848e-07,2.0970570829969694e-06
0.0028714,2.1e-06,1.6114829248276334e-06,4.885170751723664e-07,2.062160959102405e-06
0.0028716,1.98e-06,1.6121421246749499e-06,3.6785787532505025e-07,2.0191554749120683e-06
0.0028718,1.98e-06,1.6128013245222663e-06,3.671986754777338e-07,1.9688040670713635e-06
0.002872,1.98e-06,1.6134605243695844e-06,3.6653947563041565e-07,1.9119986089364336e-06
0.0028722,1.86e-06,1.6141197242169026e-06,2.458802757830974e-07,1.8497438169331662e-06
0.0028724,1.74e-06,1.6147789240642207e-06,1.2522107593577933e-07,1.783139684078422e-06
0.0028726,1.68e-06,1.6154381239115355e-06,6.456187608846451e-08,1.7133622475809146e-06
0.0028728,1.68e-06,1.6160973237588536e-06,6.390267624114637e-08,1.6416430269545673e-06
0.002873,1.62e-06,1.6167565236061718e-06,3.2434763938281583e-09,1.569247491991388e-06
0.0028732,1.56e-06,1.6174157234534882e-06,-5.741572345348814e-08,1.4974529372143124e-06
0.0028734,1.44e-06,1.6180749233008047e-06,-1.7807492330080472e-07,1.4275261495944852e-06
0.0028736,1.32e-06,1.6187341231481228e-06,-2.9873412314812277e-07,1.3607012598731923e-06
0.0028738,1.26e-06,1.619393322995441e-06,-3.59393322995441e-07,1.2981581650047308e-06
0.002874,1.32e-06,1.6200525228427574e-06,-3.0005252284275737e-07,1.2410018987031413e-06
0.0028742,1.26e-06,1.6207117226900756e-06,-3.607117226900756e-07,1.1902433109814802e-06
0.0028744,1.08e-06,1.621370922537392e-06,-5.41370922537392e-07,1.146781394335327e-06
0.0028746,1.14e-06,1.6220301223847102e-06,-4.820301223847101e-07,1.111387565715787e-06
0.0028748,1.08e-06,1.6226893222320266e-06,-5.426893222320266e-07,1.084692179007741e-06
0.002875,1.02e-06,1.6233485220793448e-06,-6.033485220793448e-07,1.0671735038871809e-06
0.0028752,1.08e-06,1.6240077219266612e-06,-5.440077219266612e-07,1.0591493636928867e-06
0.0028754,1.02e-06,1.6246669217739794e-06,-6.046669217739794e-07,1.0607715786040286e-06
0.0028756,9.6e-07,1.6253261216212958e-06,-6.653261216212959e-07,1.0720233111937895e-06
0.0028758,9.6e-07,1.625985321468614e-06,-6.659853214686141e-07,1.0927193608130357e-06
0.002876,1.02e-06,1.6266445213159304e-06,-6.066445213159305e-07,1.1225094016594939e-06
0.0028762,1.26e-06,1.6273037211632486e-06,-3.6730372116324857e-07,1.1608841078970928e-06
0.0028764,1.26e-06,1.627962921010565e-06,-3.67962921010565e-07,1.2071840587481806e-06
0.0028766,1.32e-06,1.6286221208578832e-06,-3.086221208578831e-07,1.2606112678564883e-06
0.0028768,1.38e-06,1.6292813207052013e-06,-2.492813207052014e-07,1.320243135341165e-06
0.002877,1.56e-06,1.629940520552516e-06,-6.994052055251597e-08,1.3850485786104542e-06
0.0028772,1.56e-06,1.6305997203998342e-06,-7.059972039983412e-08,1.4539060598593512e-06
0.0028774,1.68e-06,1.6312589202471524e-06,4.874107975284764e-08,1.5256231951639917e-06
0.0028776,1.68e-06,1.6319181200944705e-06,4.80818799055295e-08,1.5989576021850676e-06
0.0028778,1.8e-06,1.6325773199417853e-06,1.6742268005821465e-07,1.6726386220897726e-06
0.002878,1.74e-06,1.6332365197891034e-06,1.0676348021089665e-07,1.7453895358074622e-06
0.0028782,1.92e-06,1.6338957196364216e-06,2.8610428036357827e-07,1.8159498863624195e-06
0.0028784,1.92e-06,1.6345549194837397e-06,2.854450805162601e-07,1.8830975167197371e-06
0.0028786,1.92e-06,1.6352141193310562e-06,2.8478588066894367e-07,1.945669938118106e-06
0.0028788,2.04e-06,1.6358733191783726e-06,4.0412668082162734e-07,2.0025846550769606e-06
0.002879,2.04e-06,1.6365325190256908e-06,4.034674809743092e-07,2.0528580918704525e-06
0.0028792,2.16e-06,1.637191718873009e-06,5.228082811269912e-07,2.095622789412365e-06
0.0028794,2.16e-06,1.6378509187203254e-06,5.221490812796747e-07,2.1301425719837298e-06
0.0028796,2.22e-06,1.6385101185676418e-06,5.814898814323581e-07,2.1558254185850036e-06
0.0028798,2.22e-06,1.63916931841496e-06,5.8083068158504e-07,2.1722338138761754e-06
0.00288,2.16e-06,1.639828518262278e-06,5.20171481737722e-07,2.179092397728191e-06
0.0028802,2.16e-06,1.6404877181095946e-06,5.195122818904055e-07,2.1762927796394506e-06
0.0028804,2.16e-06,1.641146917956911e-06,5.188530820430891e-07,2.1638954338461537e-06
0.0028806,2.04e-06,1.6418061178042291e-06,3.981938821957708e-07,2.142128641983881e-06
0.0028808,2.04e-06,1.6424653176515473e-06,3.9753468234845266e-07,2.111384501794595e-06
0.002881,1.98e-06,1.6431245174988637e-06,3.3687548250113635e-07,2.072212071660101e-06
0.0028812,1.86e-06,1.6437837173461819e-06,2.162162826538181e-07,2.025307770823613e-06
0.0028814,1.92e-06,1.6444429171934983e-06,2.755570828065015e-07,1.971503203142809e-06
0.0028816,1.74e-06,1.6451021170408148e-06,9.489788295918527e-08,1.911750617257917e-06
0.0028818,1.68e-06,1.645761316888133e-06,3.423868311186707e-08,1.8471062574313073e-06
0.002882,1.62e-06,1.646420516735451e-06,-2.642051673545114e-08,1.778711896052797e-06
0.0028822,1.5e-06,1.6470797165827675e-06,-1.470797165827675e-07,1.7077748708304272e-06
0.0028824,1.56e-06,1.647738916430084e-06,-8.773891643008389e-08,1.6355469755999654e-06
0.0028826,1.5e-06,1.6483981162774021e-06,-1.483981162774021e-07,1.5633025738664222e-06
0.0028828,1.38e-06,1.6490573161247203e-06,-2.6905731612472037e-07,1.492316317735759e-06
0.002883,1.38e-06,1.6497165159720367e-06,-2.697165159720368e-07,1.4238408618006781e-06
0.0028832,1.38e-06,1.6503757158193532e-06,-2.7037571581935327e-07,1.3590849616256628e-06
0.0028834,1.26e-06,1.6510349156666713e-06,-3.9103491566667133e-07,1.2991923398011566e-06
0.0028836,1.2e-06,1.6516941155139895e-06,-4.5169411551398953e-07,1.2452216889678402e-06
0.0028838,1.26e-06,1.652353315361306e-06,-3.923533153613059e-07,1.1981281615833207e-06
0.002884,1.2e-06,1.6530125152086224e-06,-4.5301251520862244e-07,1.1587466699566166e-06
0.0028842,1.14e-06,1.6536717150559405e-06,-5.136717150559404e-07,1.1277772885779444e-06
0.0028844,9.6e-07,1.6543309149032587e-06,-6.943309149032588e-07,1.1057730139631687e-06
0.0028846,1.02e-06,1.6549901147505768e-06,-6.349901147505768e-07,1.0931300960207316e-06
0.0028848,1.02e-06,1.6556493145978916e-06,-6.356493145978916e-07,1.090081109988284e-06
0.002885,1.02e-06,1.6563085144452097e-06,-6.363085144452097e-07,1.0966908900701494e-06
0.0028852,9.6e-07,1.6569677142925279e-06,-6.96967714292528e-07,1.1128553958687086e-06
0.0028854,1.08e-06,1.657626914139846e-06,-5.77626914139846e-07,1.1383035314340959e-06
0.0028856,1.14e-06,1.6582861139871608e-06,-5.182861139871607e-07,1.1726018851414786e-06
0.0028858,1.38e-06,1.658945313834479e-06,-2.78945313834479e-07,1.2151623074607815e-06
0.002886,1.44e-06,1.659604513681797e-06,-2.196045136817971e-07,1.2652521942397603e-06
0.0028862,1.5e-06,1.6602637135291135e-06,-1.6026371352911348e-07,1.3220072956010898e-06
0.0028864,1.62e-06,1.6609229133764317e-06,-4.0922913376431716e-08,1.38444682653075e-06
0.0028866,1.68e-06,1.6615821132237481e-06,1.8417886776251893e-08,1.4514906150346338e-06
0.0028868,1.74e-06,1.6622413130710663e-06,7.775868692893381e-08,1.5219779879159464e-06
0.002887,1.98e-06,1.6629005129183827e-06,3.170994870816174e-07,1.5946880641183035e-06
0.0028872,1.98e-06,1.6635597127657009e-06,3.1644028723429924e-07,1.6683611006250098e-06
0.0028874,2.1e-06,1.6642189126130173e-06,4.357810873869825e-07,1.74172051797944e-06
0.0028876,2.16e-06,1.6648781124603355e-06,4.951218875396646e-07,1.8134952200582245e-06
0.0028878,2.1e-06,1.665537312307652e-06,4.344626876923479e-07,1.8824418180275108e-06
0.002888,2.1e-06,1.66619651215497e-06,4.3380348784502974e-07,1.9473663698181483e-06
0.0028882,2.16e-06,1.6668557120022865e-06,4.931442879977136e-07,2.007145255144466e-06
0.0028884,2.22e-06,1.6675149118496047e-06,5.524850881503953e-07,2.060744820930861e-06
0.0028886,2.22e-06,1.668174111696921e-06,5.518258883030788e-07,2.1072394538154803e-06
0.0028888,2.22e-06,1.6688333115442393e-06,5.511666884557607e-07,2.1458277635903505e-06
0.002889,2.28e-06,1.6694925113915574e-06,6.105074886084428e-07,2.1758465948228034e-06
0.0028892,2.22e-06,1.6701517112388738e-06,5.498482887611261e-07,2.196782621488281e-06
0.0028894,2.16e-06,1.6708109110861903e-06,4.891890889138098e-07,2.208281322007643e-06
0.0028896,2.22e-06,1.6714701109335084e-06,5.485298890664915e-07,2.2101531777256653e-06
0.0028898,2.16e-06,1.6721293107808266e-06,4.878706892191735e-07,2.20237698647819e-06
0.00289,2.16e-06,1.672788510628143e-06,4.87211489371857e-07,2.1851002332818044e-06
0.0028902,2.04e-06,1.6734477104754595e-06,3.6655228952454045e-07,2.158636511698416e-06
0.0028904,1.92e-06,1.6741069103227776e-06,2.458930896772222e-07,2.1234600409518524e-06
0.0028906,2.04e-06,1.6747661101700958e-06,3.6523388982990416e-07,2.080197374625466e-06
0.0028908,1.92e-06,1.6754253100174122e-06,2.445746899825876e-07,2.02961644595663e-06
0.002891,1.92e-06,1.6760845098647287e-06,2.4391549013527114e-07,1.9726131412544865e-06
0.0028912,1.74e-06,1.6767437097120468e-06,6.325629028795323e-08,1.9101956361291194e-06
0.0028914,1.68e-06,1.677402909559365e-06,2.597090440635025e-09,1.8434667684661355e-06
0.0028916,1.68e-06,1.6780621094066814e-06,1.937890593318573e-09,1.7736047563537603e-06
0.0028918,1.62e-06,1.6787213092539979e-06,-5.872130925399794e-08,1.701842598032403e-06
0.002892,1.44e-06,1.679380509101316e-06,-2.3938050910131606e-07,1.629446514019985e-06
0.0028922,1.44e-06,1.6800397089486342e-06,-2.400397089486342e-07,1.5576938084469491e-06
0.0028924,1.38e-06,1.6806989087959506e-06,-3.006989087959507e-07,1.4878505365586459e-06
0.0028926,1.38e-06,1.681358108643267e-06,-3.0135810864326717e-07,1.42114936893998e-06
0.0028928,1.38e-06,1.6820173084905852e-06,-3.020173084905853e-07,1.3587680393694993e-06
0.002893,1.32e-06,1.6826765083379034e-06,-3.626765083379033e-07,1.3018087532366698e-06
0.0028932,1.2e-06,1.6833357081852198e-06,-4.833357081852199e-07,1.2512789165275657e-06
0.0028934,1.2e-06,1.683994908032538e-06,-4.83994908032538e-07,1.2080735222556166e-06
0.0028936,1.14e-06,1.6846541078798544e-06,-5.446541078798543e-07,1.1729595023092503e-06
0.0028938,1.02e-06,1.6853133077271726e-06,-6.653133077271726e-07,1.1465623183797762e-06
0.002894,1.02e-06,1.685972507574489e-06,-6.65972507574489e-07,1.1293550263342198e-06
0.0028942,1.08e-06,1.6866317074218072e-06,-6.066317074218071e-07,1.1216500052778431e-06
0.0028944,1.02e-06,1.6872909072691236e-06,-6.672909072691236e-07,1.123593495879744e-06
0.0028946,9.6e-07,1.6879501071164418e-06,-7.279501071164419e-07,1.1351630435042972e-06
0.0028948,1.08e-06,1.6886093069637582e-06,-6.086093069637582e-07,1.1561678908052313e-06
0.002895,1.26e-06,1.6892685068110764e-06,-4.2926850681107636e-07,1.1862523129330587e-06
0.0028952,1.08e-06,1.6899277066583928e-06,-6.099277066583928e-07,1.2249018370687483e-06
0.0028954,1.26e-06,1.6905869065057093e-06,-4.3058690650570926e-07,1.2714522375031078e-06
0.0028956,1.32e-06,1.6912461063530274e-06,-3.7124610635302735e-07,1.3251011489902554e-06
0.0028958,1.5e-06,1.6919053062003456e-06,-1.9190530620034552e-07,1.3849220953859316e-06
0.002896,1.62e-06,1.692564506047662e-06,-7.256450604766206e-08,1.449880688234039e-06
0.0028962,1.86e-06,1.6932237058949785e-06,1.6677629410502152e-07,1.5188527120662947e-06
0.0028964,1.92e-06,1.6938829057422966e-06,2.2611709425770322e-07,1.5906437802658223e-06
0.0028966,1.98e-06,1.6945421055896148e-06,2.8545789441038535e-07,1.6640102178522765e-06
0.0028968,1.98e-06,1.695201305436933e-06,2.847986945630672e-07,1.7376808059600145e-06
0.002897,1.98e-06,1.6958605052842477e-06,2.8413949471575244e-07,1.8103790079404025e-06
0.0028972,2.22e-06,1.6965197051315658e-06,5.234802948684341e-07,1.8808452883865528e-06
0.0028974,2.22e-06,1.697178904978884e-06,5.22821095021116e-07,1.9478591350238136e-06
0.0028976,2.28e-06,1.697838104826202e-06,5.821618951737981e-07,2.010260398161258e-06
0.0028978,2.22e-06,1.6984973046735185e-06,5.215026953264814e-07,2.0669695748817607e-06
0.002898,2.28e-06,1.699156504520835e-06,5.808434954791652e-07,2.117006683121217e-06
0.0028982,2.28e-06,1.6998157043681531e-06,5.80184295631847e-07,2.1595083957862934e-06
0.0028984,2.28e-06,1.7004749042154713e-06,5.795250957845289e-07,2.1937431352055776e-06
0.0028986,2.28e-06,1.7011341040627877e-06,5.788658959372124e-07,2.21912386409564e-06
0.0028988,2.22e-06,1.7017933039101042e-06,5.182066960898957e-07,2.2352183493654724e-06
0.002899,2.16e-06,1.7024525037574223e-06,4.5754749624257773e-07,2.2417567193126747e-06
0.0028992,2.22e-06,1.7031117036047405e-06,5.168882963952594e-07,2.238636182080784e-06
0.0028994,1.98e-06,1.703770903452057e-06,2.7622909654794316e-07,2.2259228228779146e-06
0.0028996,2.04e-06,1.7044301032993734e-06,3.3556989670062656e-07,2.2038504485448815e-06
0.0028998,1.98e-06,1.7050893031466915e-06,2.7491069685330856e-07,2.172816499649828e-06
0.0029,1.92e-06,1.705748502994008e-06,2.1425149700599184e-07,2.1333751016071286e-06
0.0029002,1.86e-06,1.7064077028413261e-06,1.5359229715867384e-07,2.0862273763297866e-06
0.0029004,1.86e-06,1.7070669026886426e-06,1.529330973113574e-07,2.03220918371243e-06
0.0029006,1.68e-06,1.7077261025359607e-06,-2.7726102535960725e-08,1.9722765074416813e-06
0.0029008,1.68e-06,1.7083853023832772e-06,-2.8385302383277177e-08,1.9074887404731956e-06
0.002901,1.56e-06,1.7090445022305953e-06,-1.4904450223059523e-07,1.8389901625588628e-06
0.0029012,1.68e-06,1.7097037020779135e-06,-2.970370207791347e-08,1.767989933529599e-06
0.0029014,1.56e-06,1.71036290192523e-06,-1.5036290192522983e-07,1.6957409522813272e-06
0.0029016,1.44e-06,1.7110221017725464e-06,-2.710221017725464e-07,1.6235179509885953e-06
0.0029018,1.38e-06,1.7116813016198645e-06,-3.316813016198646e-07,1.552595207590435e-06
0.002902,1.32e-06,1.7123405014671827e-06,-3.923405014671826e-07,1.4842242662181113e-06
0.0029022,1.26e-06,1.7129997013144991e-06,-4.529997013144991e-07,1.419612055102499e-06
0.0029024,1.32e-06,1.7136589011618156e-06,-3.936589011618155e-07,1.359899784542919e-06
0.0029026,1.26e-06,1.7143181010091337e-06,-4.543181010091337e-07,1.3061429939255238e-06
0.0029028,1.14e-06,1.7149773008564519e-06,-5.749773008564518e-07,1.259293096552737e-06
0.002903,1.2e-06,1.7156365007037683e-06,-5.156365007037684e-07,1.2201807450879484e-06
0.0029032,1.14e-06,1.7162957005510848e-06,-5.762957005510847e-07,1.1895013083543464e-06
0.0029034,1.08e-06,1.716954900398403e-06,-6.369549003984029e-07,1.1678027134536082e-06
0.0029036,1.02e-06,1.717614100245721e-06,-6.976141002457211e-07,1.155475865766842e-06
0.0029038,1.08e-06,1.7182733000930375e-06,-6.382733000930375e-07,1.1527478143353844e-06
0.002904,1.08e-06,1.718932499940354e-06,-6.389324999403539e-07,1.1596777821185496e-06
0.0029042,1.14e-06,1.7195916997876721e-06,-5.79591699787672e-07,1.1761561305326765e-06
0.0029044,1.38e-06,1.7202508996349903e-06,-3.4025089963499034e-07,1.2019062763829965e-06
0.0029046,1.32e-06,1.7209100994823067e-06,-4.0091009948230664e-07,1.236489527664315e-06
0.0029048,1.44e-06,1.7215692993296232e-06,-2.815692993296232e-07,1.279312753685344e-06
0.002905,1.38e-06,1.7222284991769413e-06,-3.422284991769414e-07,1.3296387554107462e-06
0.0029052,1.56e-06,1.7228876990242595e-06,-1.6288769902425936e-07,1.3865991547050432e-06
0.0029054,1.74e-06,1.723546898871576e-06,1.6453101128424162e-08,1.4492095771289647e-06
0.0029056,1.98e-06,1.724206098718894e-06,2.5579390128110605e-07,1.5163868627891232e-06
0.0029058,1.86e-06,1.7248652985662105e-06,1.3513470143378947e-07,1.5869680044286452e-06
0.002906,1.98e-06,1.7255244984135287e-06,2.5447550158647145e-07,1.6597304815077284e-06
0.0029062,2.1e-06,1.726183698260845e-06,3.738163017391547e-07,1.7334136348520987e-06
0.0029064,2.1e-06,1.7268428981081632e-06,3.7315710189183655e-07,1.8067407081137557e-06
0.0029066,2.16e-06,1.7275020979554797e-06,4.3249790204452037e-07,1.8784411706758969e-06
0.0029068,2.22e-06,1.7281612978027978e-06,4.918387021972021e-07,1.947272931706713e-06
0.002907,2.22e-06,1.7288204976501143e-06,4.911795023498856e-07,2.0120440569765825e-06
0.0029072,2.28e-06,1.7294796974974324e-06,5.505203025025677e-07,2.071633608699011e-06
0.0029074,2.34e-06,1.730138897344749e-06,6.098611026552511e-07,2.1250112441342404e-06
0.0029076,2.34e-06,1.730798097192067e-06,6.09201902807933e-07,2.1712552301466988e-06
0.0029078,2.34e-06,1.7314572970393835e-06,6.085427029606165e-07,2.209568558887289e-06
0.002908,2.28e-06,1.7321164968867016e-06,5.478835031132986e-07,2.239292882693494e-06
0.0029082,2.28e-06,1.732775696734018e-06,5.472243032659821e-07,2.259920024735548e-06
0.0029084,2.22e-06,1.7334348965813345e-06,4.865651034186654e-07,2.2711008639964873e-06
0.0029086,2.16e-06,1.7340940964286527e-06,4.259059035713474e-07,2.272651439331536e-06
0.0029088,2.1e-06,1.7347532962759708e-06,3.6524670372402896e-07,2.264556165865659e-06
0.002909,2.1e-06,1.735412496123289e-06,3.645875038767108e-07,2.2469681074775537e-06
0.0029092,1.92e-06,1.7360716959706037e-06,1.839283040293961e-07,2.220206300608295e-06
0.0029094,1.98e-06,1.7367308958179219e-06,2.432691041820782e-07,2.184750176229043e-06
0.0029096,1.98e-06,1.73739009566524e-06,2.4260990433476007e-07,2.141231177408465e-06
0.0029098,1.92e-06,1.7380492955125582e-06,1.8195070448744165e-07,2.090421719126734e-06
0.00291,1.86e-06,1.7387084953598746e-06,1.2129150464012535e-07,2.033221683304162e-06
0.0029102,1.8e-06,1.739367695207191e-06,6.063230479280884e-08,1.970642685223443e-06
0.0029104,1.68e-06,1.7400268950545092e-06,-6.002689505450922e-08,1.903790386333104e-06
0.0029106,1.62e-06,1.7406860949018274e-06,-1.2068609490182743e-07,1.8338451628114369e-06
0.0029108,1.56e-06,1.7413452947491438e-06,-1.8134529474914373e-07,1.7620414677344271e-06
0.002911,1.56e-06,1.7420044945964603e-06,-1.8200449459646018e-07,1.6896462478829226e-06
0.0029112,1.44e-06,1.7426636944437784e-06,-3.0266369444377845e-07,1.617936792270424e-06
0.0029114,1.38e-06,1.7433228942910966e-06,-3.6332289429109665e-07,1.5481783999642913e-06
0.0029116,1.44e-06,1.743982094138413e-06,-3.0398209413841304e-07,1.481602257485706e-06
0.0029118,1.32e-06,1.7446412939857295e-06,-4.246412939857294e-07,1.419383912680167e-06
0.002912,1.32e-06,1.7453004938330476e-06,-4.2530049383304755e-07,1.3626227213113676e-06
0.0029122,1.2e-06,1.7459596936803658e-06,-5.459596936803658e-07,1.3123226258469261e-06
0.0029124,1.26e-06,1.7466188935276822e-06,-4.866188935276822e-07,1.2693746024779289e-06
0.0029126,1.08e-06,1.7472780933749987e-06,-6.672780933749986e-07,1.2345410832159759e-06
0.0029128,1.14e-06,1.7479372932223168e-06,-6.079372932223167e-07,1.208442625451894e-06
0.002913,1.08e-06,1.7485964930696333e-06,-6.685964930696332e-07,1.191547062101784e-06
0.0029132,1.2e-06,1.7492556929169514e-06,-5.492556929169515e-07,1.1841613219822664e-06
0.0029134,1.08e-06,1.7499148927642696e-06,-6.699148927642695e-07,1.1864260634321674e-06
0.0029136,1.08e-06,1.750574092611586e-06,-6.70574092611586e-07,1.1983132150384305e-06
0.0029138,1.5e-06,1.7512332924589025e-06,-2.512332924589024e-07,1.2196264664451559e-06
0.002914,1.38e-06,1.7518924923062206e-06,-3.718924923062207e-07,1.2500047006412745e-06
0.0029142,1.32e-06,1.7525516921535388e-06,-4.325516921535387e-07,1.2889283077752782e-06
0.0029144,1.56e-06,1.7532108920008552e-06,-1.932108920008551e-07,1.3357282700445641e-06
0.0029146,1.14e-06,1.7538700918481717e-06,-6.138700918481716e-07,1.389597858861464e-06
0.0029148,1.44e-06,1.7545292916954898e-06,-3.145292916954898e-07,1.4496067397330274e-06
0.002915,1.62e-06,1.755188491542808e-06,-1.35188491542808e-07,1.5147172383276679e-06
0.0029152,1.74e-06,1.7558476913901244e-06,-1.5847691390124332e-08,1.5838024832581417e-06
0.0029154,1.56e-06,1.7565068912374409e-06,-1.9650689123744075e-07,1.6556661083574076e-06
0.0029156,1.62e-06,1.757166091084759e-06,-1.3716609108475905e-07,1.7290631700318278e-06
0.0029158,1.8e-06,1.7578252909320771e-06,4.2174709067922773e-08,1.8027219139895783e-06
0.002916,2.04e-06,1.7584844907793953e-06,2.8151550922060466e-07,1.8753660106582242e-06
0.0029162,2.04e-06,1.75914369062671e-06,2.808563093732899e-07,1.9457368706430733e-06
0.0029164,2.04e-06,1.7598028904740282e-06,2.8019710952597176e-07,2.0126156499623873e-06
0.0029166,2.22e-06,1.7604620903213463e-06,4.595379096786536e-07,2.0748445604826587e-06
0.0029168,2.34e-06,1.7611212901686645e-06,5.788787098313356e-07,2.1313471126997e-06
0.002917,2.4e-06,1.7617804900159792e-06,6.382195099840206e-07,2.181146937205223e-06
0.0029172,2.34e-06,1.7624396898632974e-06,5.775603101367027e-07,2.223384855575433e-06
0.0029174,2.34e-06,1.7630988897106155e-06,5.769011102893845e-07,2.2573339023441884e-06
0.0029176,2.34e-06,1.763758089557932e-06,5.762419104420681e-07,2.2824120353022354e-06
0.0029178,2.34e-06,1.7644172894052501e-06,5.755827105947499e-07,2.298192311963458e-06
0.002918,2.34e-06,1.7650764892525666e-06,5.749235107474335e-07,2.304410354275725e-06
0.0029182,2.4e-06,1.7657356890998847e-06,6.342643109001152e-07,2.300968971016493e-06
0.0029184,2.4e-06,1.7663948889472012e-06,6.336051110527987e-07,2.2879398570890047e-06
0.0029186,2.34e-06,1.7670540887945193e-06,5.729459112054807e-07,2.2655623400137293e-06
0.0029188,2.28e-06,1.7677132886418358e-06,5.122867113581644e-07,2.2342391954976455e-06
0.002919,2.16e-06,1.768372488489154e-06,3.9162751151084614e-07,2.1945296052781805e-06
0.0029192,2.22e-06,1.7690316883364704e-06,4.5096831166352954e-07,2.147139380340579e-06
0.0029194,2.1e-06,1.7696908881837885e-06,3.3030911181621127e-07,2.0929086204933398e-06
0.0029196,2.04e-06,1.770350088031105e-06,2.6964991196889497e-07,2.0327970259428882e-06
0.0029198,2.04e-06,1.7710092878784231e-06,2.6899071212157683e-07,1.9678671178787754e-06
0.00292,1.86e-06,1.7716684877257396e-06,8.83315122742604e-08,1.8992656612364438e-06
0.0029202,1.8e-06,1.7723276875730577e-06,2.7672312426942197e-08,1.8282036146084696e-06
0.0029204,1.74e-06,1.7729868874203759e-06,-3.29868874203758e-08,1.7559349577069295e-06
0.0029206,1.86e-06,1.7736460872676923e-06,8.635391273230766e-08,1.6837347667169835e-06
0.0029208,1.68e-06,1.7743052871150088e-06,-9.430528711500876e-08,1.6128769207605974e-06
0.002921,1.62e-06,1.774964486962327e-06,-1.5496448696232697e-07,1.54461182929724e-06
0.0029212,1.56e-06,1.775623686809645e-06,-2.1562368680964496e-07,1.4801445698699395e-06
0.0029214,1.5e-06,1.7762828866569615e-06,-2.762828866569615e-07,1.4206138184380185e-06
0.0029216,1.44e-06,1.776942086504278e-06,-3.36942086504278e-07,1.3670719406745631e-06
0.0029218,1.38e-06,1.7776012863515961e-06,-3.976012863515962e-07,1.3204665923481757e-06
0.002922,1.44e-06,1.7782604861989143e-06,-3.382604861989143e-07,1.2816241504018403e-06
0.0029222,1.32e-06,1.7789196860462307e-06,-4.5891968604623064e-07,1.251235264537298e-06
0.0029224,1.38e-06,1.7795788858935472e-06,-3.9957888589354725e-07,1.2298427818515016e-06
0.0029226,1.2e-06,1.7802380857408653e-06,-5.802380857408654e-07,1.2178322556276186e-06
0.0029228,1.2e-06,1.7808972855881835e-06,-5.808972855881835e-07,1.2154252043212783e-06
0.002923,1.2e-06,1.7815564854355e-06,-5.815564854355e-07,1.2226752385017378e-06
0.0029232,1.08e-06,1.7822156852828164e-06,-7.022156852828163e-07,1.2394671235195963e-06
0.0029234,1.08e-06,1.7828748851301345e-06,-7.028748851301345e-07,1.2655187942824963e-06
0.0029236,1.02e-06,1.7835340849774526e-06,-7.635340849774527e-07,1.300386286900774e-06
0.0029238,1.08e-06,1.784193284824769e-06,-7.041932848247691e-07,1.3434715009860203e-06
0.002924,1.2e-06,1.7848524846720856e-06,-5.848524846720856e-07,1.394032656883688e-06
0.0029242,1.14e-06,1.7855116845194037e-06,-6.455116845194036e-07,1.451197265004898e-06
0.0029244,1.5e-06,1.7861708843667218e-06,-2.861708843667218e-07,1.5139773805006593e-06
0.0029246,1.56e-06,1.7868300842140383e-06,-2.268300842140382e-07,1.581286876572168e-06
0.0029248,1.62e-06,1.7874892840613547e-06,-1.674892840613548e-07,1.6519604343645251e-06
0.002925,1.86e-06,1.788148483908673e-06,7.185151609132708e-08,1.724773917533994e-06
0.0029252,1.68e-06,1.788807683755991e-06,-1.0880768375599103e-07,1.7984657751119452e-06
0.0029254,1.92e-06,1.7894668836033075e-06,1.3053311639669234e-07,1.871759098564892e-06
0.0029256,2.04e-06,1.7901260834506256e-06,2.498739165493743e-07,1.9433839473602573e-06
0.0029258,2.16e-06,1.790785283297942e-06,3.69214716702058e-07,2.0120995527030647e-06
0.002926,2.28e-06,1.7914444831452602e-06,4.8855551685474e-07,2.0767160112317835e-06
0.0029262,2.22e-06,1.7921036829925767e-06,4.2789631700742323e-07,2.1361150893851744e-06
0.0029264,2.28e-06,1.7927628828398948e-06,4.872371171601054e-07,2.189269774657635e-06
0.0029266,2.4e-06,1.7934220826872113e-06,6.065779173127886e-07,2.235262232002519e-06
0.0029268,2.34e-06,1.7940812825345277e-06,5.459187174654723e-07,2.2732998513033664e-06
0.002927,2.46e-06,1.7947404823818459e-06,6.652595176181543e-07,2.3027291054361305e-06
0.0029272,2.4e-06,1.795399682229164e-06,6.046003177708359e-07,2.3230469765870326e-06
0.0029274,2.4e-06,1.7960588820764805e-06,6.039411179235194e-07,2.333909751054222e-06
0.0029276,2.4e-06,1.796718081923797e-06,6.03281918076203e-07,2.3351390287637713e-06
0.0029278,2.34e-06,1.797377281771115e-06,5.42622718228885e-07,2.326724842430924e-06
0.002928,2.22e-06,1.7980364816184332e-06,4.219635183815667e-07,2.3088258318292326e-06
0.0029282,2.28e-06,1.7986956814657514e-06,4.813043185342488e-07,2.281766470119403e-06
0.0029284,2.22e-06,1.7993548813130661e-06,4.206451186869338e-07,2.2460313907365006e-06
0.0029286,2.16e-06,1.8000140811603843e-06,3.599859188396158e-07,2.202256914022187e-06
0.0029288,1.98e-06,1.8006732810077024e-06,1.7932671899229768e-07,2.151219921751526e-06
0.002929,2.04e-06,1.8013324808550206e-06,2.386675191449794e-07,2.09382427407305e-06
0.0029292,1.92e-06,1.8019916807023353e-06,1.180083192976645e-07,2.031085006342056e-06
0.0029294,1.92e-06,1.8026508805496535e-06,1.1734911945034636e-07,1.9641105821937656e-06
0.0029296,1.98e-06,1.8033100803969716e-06,1.7668991960302848e-07,1.8940835130391645e-06
0.0029298,1.74e-06,1.8039692802442898e-06,-6.39692802442897e-08,1.822239682981059e-06
0.00293,1.74e-06,1.8046284800916062e-06,-6.462848009160615e-08,1.7498467404758793e-06
0.0029302,1.68e-06,1.8052876799389227e-06,-1.2528767993892266e-07,1.6781819347516604e-06
0.0029304,1.56e-06,1.8059468797862408e-06,-2.459468797862407e-07,1.608509784205701e-06
0.0029306,1.56e-06,1.8066060796335573e-06,-2.4660607963355717e-07,1.5420599675017139e-06
0.0029308,1.56e-06,1.8072652794808754e-06,-2.472652794808753e-07,1.4800058237957356e-06
0.002931,1.5e-06,1.8079244793281919e-06,-3.079244793281918e-07,1.4234438379409972e-06
0.0029312,1.44e-06,1.80858367917551e-06,-3.6858367917551003e-07,1.373374469493397e-06
0.0029314,1.38e-06,1.8092428790228265e-06,-4.2924287902282654e-07,1.3306846605930659e-06
0.0029316,1.26e-06,1.8099020788701446e-06,-5.499020788701446e-07,1.2961323286006505e-06
0.0029318,1.26e-06,1.810561278717461e-06,-5.50561278717461e-07,1.2703331146126153e-06
0.002932,1.26e-06,1.8112204785647792e-06,-5.512204785647792e-07,1.253749619545576e-06
0.0029322,1.2e-06,1.8118796784120957e-06,-6.118796784120957e-07,1.2466833159864133e-06
0.0029324,1.14e-06,1.8125388782594138e-06,-6.725388782594137e-07,1.249269277225021e-06
0.0029326,1.08e-06,1.813198078106732e-06,-7.331980781067319e-07,1.2614738156175468e-06
0.0029328,1.08e-06,1.8138572779540484e-06,-7.338572779540484e-07,1.2830950715853604e-06
0.002933,1.08e-06,1.8145164778013649e-06,-7.345164778013648e-07,1.3137665429558862e-06
0.0029332,1.2e-06,1.815175677648683e-06,-6.15175677648683e-07,1.3529634928864536e-06
0.0029334,1.2e-06,1.8158348774960011e-06,-6.158348774960012e-07,1.4000121244310585e-06
0.0029336,1.38e-06,1.8164940773433176e-06,-4.364940773433177e-07,1.4541013612433305e-06
0.0029338,1.5e-06,1.817153277190634e-06,-3.17153277190634e-07,1.5142970285066209e-06
0.002934,1.56e-06,1.8178124770379522e-06,-2.578124770379521e-07,1.579558186090663e-06
0.0029342,1.62e-06,1.8184716768852703e-06,-1.984716768852704e-07,1.648755328459367e-06
0.0029344,1.92e-06,1.8191308767325868e-06,1.0086912326741304e-07,1.720690133036323e-06
0.0029346,1.98e-06,1.8197900765799032e-06,1.6020992342009686e-07,1.7941164117368342e-06
0.0029348,2.1e-06,1.8204492764272214e-06,2.795507235727784e-07,1.8677618994126953e-06
0.002935,2.16e-06,1.8211084762745395e-06,3.3889152372546054e-07,1.9403504982732527e-06
0.0029352,2.16e-06,1.821767676121856e-06,3.382323238781441e-07,2.0106245892516937e-06
0.0029354,2.1e-06,1.8224268759691724e-06,2.7757312403082736e-07,2.0773670202899995e-06
0.0029356,2.22e-06,1.8230860758164906e-06,3.9691392418350934e-07,2.1394223871638147e-06
0.0029358,2.28e-06,1.8237452756638087e-06,4.5625472433619146e-07,2.1957172346209743e-06
0.002936,2.4e-06,1.8244044755111252e-06,5.755955244888747e-07,2.2452788247911764e-06
0.0029362,2.46e-06,1.8250636753584416e-06,6.349363246415585e-07,2.2872521445514288e-06
0.0029364,2.46e-06,1.8257228752057598e-06,6.342771247942404e-07,2.3209148546977586e-06
0.0029366,2.46e-06,1.826382075053078e-06,6.336179249469222e-07,2.3456899193499815e-06
0.0029368,2.46e-06,1.8270412749003944e-06,6.329587250996058e-07,2.3611556948977177e-06
0.002937,2.46e-06,1.8277004747477125e-06,6.322995252522876e-07,2.3670533020438373e-06
0.0029372,2.46e-06,1.828359674595029e-06,6.316403254049712e-07,2.36329115208051e-06
0.0029374,2.46e-06,1.8290188744423471e-06,6.30981125557653e-07,2.349946548222592e-06
0.0029376,2.34e-06,1.8296780742896636e-06,5.103219257103365e-07,2.3272643340343266e-06
0.0029378,2.34e-06,1.8303372741369817e-06,5.096627258630183e-07,2.2956526125762682e-06
0.002938,2.22e-06,1.8309964739842982e-06,3.8900352601570175e-07,2.255675611084944e-06
0.0029382,2.28e-06,1.8316556738316163e-06,4.483443261683839e-07,2.208043815990265e-06
0.0029384,2.28e-06,1.8323148736789328e-06,4.476851263210674e-07,2.153601550708363e-06
0.0029386,2.04e-06,1.832974073526251e-06,2.0702592647374903e-07,2.0933122134587684e-06
0.0029388,1.98e-06,1.8336332733735674e-06,1.4636672662643273e-07,2.0282414330731093e-06
0.002939,1.98e-06,1.8342924732208855e-06,1.457075267791146e-07,1.959538437523378e-06
0.0029392,1.8e-06,1.834951673068202e-06,-3.4951673068202047e-08,1.8884159606929177e-06
0.0029394,1.86e-06,1.8356108729155201e-06,2.4389127084479868e-08,1.8161290388832611e-06
0.0029396,1.74e-06,1.8362700727628366e-06,-9.62700727628365e-08,1.743953067616823e-06
0.0029398,1.62e-06,1.836929272610153e-06,-2.1692927261015307e-07,1.673161502548349e-06
0.00294,1.56e-06,1.8375884724574712e-06,-2.7758847245747106e-07,1.6050035942929226e-06
0.0029402,1.62e-06,1.8382476723047893e-06,-2.1824767230478936e-07,1.540682546393162e-06
0.0029404,1.44e-06,1.8389068721521075e-06,-3.989068721521075e-07,1.4813344784206696e-06
0.0029406,1.44e-06,1.8395660719994222e-06,-3.9956607199942223e-07,1.4280085620044546e-06
0.0029408,1.44e-06,1.8402252718467404e-06,-4.002252718467404e-07,1.3816486770284818e-06
0.002941,1.38e-06,1.8408844716940585e-06,-4.608844716940586e-07,1.3430769087358984e-06
0.0029412,1.32e-06,1.8415436715413766e-06,-5.215436715413766e-07,1.3129791743526592e-06
0.0029414,1.26e-06,1.8422028713886914e-06,-5.822028713886914e-07,1.2918932304504907e-06
0.0029416,1.2e-06,1.8428620712360096e-06,-6.428620712360096e-07,1.2801992707795373e-06
0.0029418,1.2e-06,1.8435212710833277e-06,-6.435212710833278e-07,1.27811327891324e-06
0.002942,1.2e-06,1.8441804709306458e-06,-6.441804709306459e-07,1.2856832519938557e-06
0.0029422,1.08e-06,1.8448396707779623e-06,-7.648396707779623e-07,1.302788361539727e-06
0.0029424,1.08e-06,1.8454988706252787e-06,-7.654988706252787e-07,1.3291410660132571e-06
0.0029426,1.08e-06,1.8461580704725969e-06,-7.661580704725969e-07,1.364292138229819e-06
0.0029428,1.26e-06,1.846817270319915e-06,-5.86817270319915e-07,1.4076385196737723e-06
0.002943,1.44e-06,1.8474764701672315e-06,-4.074764701672315e-07,1.4584338644206362e-06
0.0029432,1.5e-06,1.848135670014548e-06,-3.481356700145479e-07,1.5158015883059087e-06
0.0029434,1.44e-06,1.848794869861866e-06,-4.087948698618661e-07,1.57875019518916e-06
0.0029436,1.38e-06,1.8494540697091842e-06,-4.694540697091843e-07,1.6461906123478358e-06
0.0029438,1.26e-06,1.8501132695565007e-06,-5.901132695565007e-07,1.7169552319152906e-06
0.002944,1.26e-06,1.8507724694038171e-06,-5.907724694038171e-07,1.789818325394299e-06
0.0029442,1.26e-06,1.8514316692511353e-06,-5.914316692511353e-07,1.8635174744333646e-06
0.0029444,1.44e-06,1.8520908690984517e-06,-4.1209086909845176e-07,1.936775643022452e-06
0.0029446,1.68e-06,1.8527500689457699e-06,-1.7275006894576987e-07,2.008323505255693e-06
0.0029448,1.68e-06,1.853409268793088e-06,-1.7340926879308802e-07,2.0769216384006113e-06
0.002945,1.86e-06,1.8540684686404045e-06,5.931531359595499e-09,2.1413821929805865e-06
0.0029452,1.8e-06,1.854727668487721e-06,-5.4727668487721014e-08,2.2005896612708403e-06
0.0029454,2.04e-06,1.855386868335039e-06,1.8461313166496087e-07,2.2535203808872064e-06
0.0029456,2.1e-06,1.8560460681823572e-06,2.439539318176426e-07,2.29926043261556e-06
0.0029458,2.16e-06,1.8567052680296737e-06,3.032947319703264e-07,2.3370216194184034e-06
0.002946,2.34e-06,1.8573644678769901e-06,4.826355321230099e-07,2.366155247338475e-06
0.0029462,2.34e-06,1.8580236677243083e-06,4.819763322756918e-07,2.386163467313152e-06
0.0029464,2.4e-06,1.8586828675716264e-06,5.413171324283735e-07,2.3967079796052615e-06
0.0029466,2.34e-06,1.8593420674189429e-06,4.806579325810572e-07,2.397615948661377e-06
0.0029468,2.4e-06,1.8600012672662593e-06,5.399987327337406e-07,2.3888830249802047e-06
0.002947,2.46e-06,1.8606604671135775e-06,5.993395328864227e-07,2.370673421164771e-06
0.0029472,2.46e-06,1.8613196669608956e-06,5.986803330391045e-07,2.3433170408106085e-06
0.0029474,2.46e-06,1.861978866808212e-06,5.980211331917881e-07,2.3073037104493167e-06
0.0029476,2.46e-06,1.8626380666555285e-06,5.973619333444716e-07,2.263274615383787e-06
0.0029478,2.4e-06,1.8632972665028467e-06,5.367027334971532e-07,2.212011089155676e-06
0.002948,2.34e-06,1.8639564663501648e-06,4.7604353364983523e-07,2.154420952650427e-06
0.0029482,2.28e-06,1.864615666197483e-06,4.1538433380251724e-07,2.091522641687983e-06
0.0029484,2.28e-06,1.8652748660447977e-06,4.147251339552025e-07,2.0244274006059283e-06
0.0029486,2.16e-06,1.8659340658921159e-06,2.940659341078842e-07,1.954319853209281e-06
0.0029488,2.16e-06,1.866593265739434e-06,2.9340673426056606e-07,1.8824372906732706e-06
0.002949,2.16e-06,1.8672524655867505e-06,2.927475344132496e-07,1.8100480386798524e-06
0.0029492,2.04e-06,1.8679116654340686e-06,1.7208833456593135e-07,1.738429281907935e-06
0.0029494,1.98e-06,1.868570865281385e-06,1.1142913471861504e-07,1.66884473363946e-06
0.0029496,1.98e-06,1.8692300651287032e-06,1.107699348712969e-07,1.602522540900435e-06
0.0029498,1.92e-06,1.8698892649760197e-06,5.0110735023980174e-08,1.5406338114384626e-06
0.00295,1.74e-06,1.8705484648233378e-06,-1.3054846482333773e-07,1.4842721380128938e-06
