Phi_ext,I_s
-3e-05,0.0005067355387883912
-2.998e-05,0.0005066873979908407
-2.996e-05,0.0005069226056283322
-2.994e-05,0.00050684064699269
-2.992e-05,0.0005069381794932641
-2.9900000000000002e-05,0.0005068078162460681
-2.9880000000000002e-05,0.0005070307583932807
-2.9860000000000002e-05,0.00050704086165117
-2.9840000000000002e-05,0.0005071518897880353
-2.9820000000000002e-05,0.000507032993259881
-2.98e-05,0.000507040689750555
-2.978e-05,0.0005070836826152401
-2.976e-05,0.0005072002068193847
-2.974e-05,0.0005070929430609186
-2.972e-05,0.0005072956561379301
-2.97e-05,0.00050725194490553
-2.968e-05,0.0005072845766966437
-2.966e-05,0.0005073846156124544
-2.964e-05,0.0005075071752174553
-2.962e-05,0.000507519812582101
-2.96e-05,0.0005072584186470015
-2.958e-05,0.0005076456674609818
-2.956e-05,0.0005077772004909825
-2.9540000000000002e-05,0.0005075562511433164
-2.9520000000000002e-05,0.0005074656765121237
-2.9500000000000002e-05,0.0005076389955192951
-2.9480000000000002e-05,0.0005077036161005821
-2.946e-05,0.0005076605840073203
-2.944e-05,0.0005077197176179163
-2.942e-05,0.0005078649570788557
-2.94e-05,0.0005076694242502093
-2.938e-05,0.0005080018570647232
-2.936e-05,0.0005080946111895746
-2.934e-05,0.0005079987281507799
-2.932e-05,0.0005080365156609301
-2.93e-05,0.0005079783008835942
-2.928e-05,0.0005080215223197042
-2.926e-05,0.0005080285891867578
-2.924e-05,0.0005081119525118875
-2.922e-05,0.0005081089213461427
-2.92e-05,0.0005080873393162877
-2.9180000000000002e-05,0.0005082790659291344
-2.9160000000000002e-05,0.0005081660293342725
-2.9140000000000002e-05,0.0005083964283279803
-2.9120000000000002e-05,0.0005082885006760845
-2.9100000000000003e-05,0.0005083901863755505
-2.908e-05,0.0005084904343085593
-2.906e-05,0.0005085561393881219
-2.904e-05,0.0005083297996737315
-2.902e-05,0.0005083731040601675
-2.9e-05,0.0005086710669960562
-2.898e-05,0.0005084867940502374
-2.896e-05,0.0005085130507778301
-2.894e-05,0.0005084732169465495
-2.892e-05,0.0005085550077440998
-2.89e-05,0.0005084483678669824
-2.888e-05,0.0005087462479967105
-2.886e-05,0.0005086080095258392
-2.8840000000000002e-05,0.0005083989185768905
-2.8820000000000002e-05,0.0005085990465766529
-2.8800000000000002e-05,0.0005087287038402809
-2.8780000000000002e-05,0.0005085482051903743
-2.8760000000000002e-05,0.0005085389524306095
-2.874e-05,0.0005085811211182484
-2.872e-05,0.0005083667811982183
-2.87e-05,0.0005085137631995831
-2.868e-05,0.000508527186417237
-2.866e-05,0.0005085707891815821
-2.864e-05,0.0005085823492250203
-2.862e-05,0.0005084805159642616
-2.86e-05,0.0005085356991754973
-2.858e-05,0.0005084159314340814
-2.856e-05,0.0005083372577712749
-2.854e-05,0.000508407406470747
-2.852e-05,0.0005085641119302303
-2.85e-05,0.0005084733728238017
-2.8480000000000002e-05,0.000508636478234215
-2.8460000000000002e-05,0.0005084437139009303
-2.8440000000000002e-05,0.0005084620042536576
-2.8420000000000002e-05,0.0005085322959584647
-2.8400000000000003e-05,0.0005084252004306676
-2.8380000000000003e-05,0.0005083385236245721
-2.836e-05,0.0005082316358048638
-2.834e-05,0.0005083387295923586
-2.832e-05,0.0005083198867701919
-2.83e-05,0.0005082598735745118
-2.828e-05,0.0005082847396098613
-2.826e-05,0.0005081848002948664
-2.824e-05,0.0005083949487878814
-2.822e-05,0.0005080557071593246
-2.82e-05,0.000508000161640032
-2.818e-05,0.0005080565738532176
-2.816e-05,0.0005080121963086927
-2.814e-05,0.0005078666680100987
-2.8120000000000002e-05,0.0005080299188815503
-2.8100000000000002e-05,0.0005080280308316562
-2.8080000000000002e-05,0.0005080921555844725
-2.8060000000000002e-05,0.0005080337303895279
-2.8040000000000003e-05,0.0005078596731316003
-2.802e-05,0.0005078402548819671
-2.8e-05,0.0005076106821819275
-2.798e-05,0.0005078734426116773
-2.796e-05,0.0005076519610091755
-2.794e-05,0.0005075709580220745
-2.792e-05,0.0005075243588955873
-2.79e-05,0.0005077784706599415
-2.788e-05,0.0005074816985034435
-2.786e-05,0.0005075914329313003
-2.784e-05,0.0005074269609138186
-2.782e-05,0.0005073122472180101
-2.78e-05,0.0005072684790450897
-2.778e-05,0.0005072926608179691
-2.7760000000000002e-05,0.0005073553779490812
-2.7740000000000002e-05,0.0005071517098487193
-2.7720000000000002e-05,0.000507374365791095
-2.7700000000000002e-05,0.0005072004618856047
-2.768e-05,0.0005072525528261356
-2.7660000000000003e-05,0.0005070537859007435
-2.764e-05,0.000507126516748861
-2.762e-05,0.000507129285161743
-2.76e-05,0.0005072012252466218
-2.758e-05,0.0005071257442711908
-2.756e-05,0.0005071361581783939
-2.754e-05,0.0005069077027131879
-2.752e-05,0.0005069053985508452
-2.75e-05,0.0005068125744083446
-2.748e-05,0.0005069149297477167
-2.746e-05,0.0005068273337523022
-2.744e-05,0.0005068246196210053
-2.7420000000000002e-05,0.0005070826031901639
-2.7400000000000002e-05,0.0005068779707591806
-2.7380000000000002e-05,0.0005067495820501783
-2.7360000000000002e-05,0.000506843410212518
-2.7340000000000003e-05,0.0005068191101534419
-2.7320000000000003e-05,0.0005066170516251328
-2.73e-05,0.0005066993725254252
-2.728e-05,0.0005067792135236401
-2.726e-05,0.0005067728049964696
-2.724e-05,0.0005064987899740238
-2.722e-05,0.0005064841696364054
-2.72e-05,0.0005067446254967169
-2.718e-05,0.000506736305521237
-2.716e-05,0.0005066560956427988
-2.714e-05,0.0005066825460813624
-2.712e-05,0.0005066783494324943
-2.71e-05,0.0005068090136712666
-2.708e-05,0.0005067661947089667
-2.7060000000000002e-05,0.0005065831720195137
-2.7040000000000002e-05,0.0005066751680273471
-2.7020000000000002e-05,0.0005067032120059787
-2.7000000000000002e-05,0.0005066639768282982
-2.6980000000000003e-05,0.0005066442167210233
-2.696e-05,0.0005067719098504815
-2.6940000000000003e-05,0.000506689864925375
-2.692e-05,0.0005067602930306986
-2.69e-05,0.0005066704940263584
-2.688e-05,0.0005068707124041443
-2.686e-05,0.0005067053357011003
-2.684e-05,0.0005067508031431535
-2.682e-05,0.000506914721382867
-2.68e-05,0.0005069485406221133
-2.678e-05,0.0005069001432562164
-2.676e-05,0.0005067201802380345
-2.674e-05,0.0005070350365569055
-2.672e-05,0.0005069808615858223
-2.6700000000000002e-05,0.0005069697869113912
-2.6680000000000002e-05,0.0005070577848594227
-2.6660000000000002e-05,0.0005070687577546192
-2.6640000000000002e-05,0.0005071136209093579
-2.6620000000000003e-05,0.0005071855045714513
-2.6600000000000003e-05,0.0005069066287705556
-2.658e-05,0.0005071119953738259
-2.656e-05,0.0005071854963131496
-2.654e-05,0.0005071535420661324
-2.652e-05,0.0005072013619631648
-2.65e-05,0.0005071683481098847
-2.648e-05,0.0005072085286554627
-2.646e-05,0.0005072625543358178
-2.644e-05,0.0005073799945338029
-2.642e-05,0.0005071580545001075
-2.64e-05,0.0005072392486537959
-2.638e-05,0.0005074669697823804
-2.6360000000000002e-05,0.0005074965791484544
-2.6340000000000002e-05,0.0005075906095299294
-2.6320000000000002e-05,0.0005075288210945899
-2.6300000000000002e-05,0.00050772751068033
-2.6280000000000002e-05,0.0005077423000546125
-2.6260000000000003e-05,0.000507588509863853
-2.624e-05,0.0005077097271773475
-2.6220000000000003e-05,0.0005076630318540827
-2.62e-05,0.0005078549662232019
-2.618e-05,0.0005077721569314125
-2.616e-05,0.0005077622171129367
-2.614e-05,0.0005078526888225572
-2.612e-05,0.0005079081983406399
-2.61e-05,0.0005081216467659627
-2.608e-05,0.0005080577805299306
-2.606e-05,0.0005080574451149139
-2.604e-05,0.0005081204990645676
-2.602e-05,0.0005081034433113302
-2.6000000000000002e-05,0.0005080768999012428
-2.5980000000000002e-05,0.0005082505867994451
-2.5960000000000002e-05,0.0005083927060332919
-2.5940000000000002e-05,0.000508485799309442
-2.5920000000000003e-05,0.0005083343308868438
-2.59e-05,0.0005084360616324482
-2.5880000000000003e-05,0.0005083691930191993
-2.586e-05,0.0005082950857913127
-2.5840000000000003e-05,0.0005084058932863436
-2.582e-05,0.0005086929197108733
-2.58e-05,0.0005085290432678277
-2.578e-05,0.0005085172236785283
-2.576e-05,0.0005086000010233554
-2.574e-05,0.0005086243295888257
-2.572e-05,0.0005086145465971016
-2.57e-05,0.000508492757067894
-2.568e-05,0.0005084851518524338
-2.566e-05,0.0005085754630855891
-2.5640000000000002e-05,0.0005086454779138438
-2.5620000000000002e-05,0.0005085394366225252
-2.5600000000000002e-05,0.0005085178720542348
-2.5580000000000002e-05,0.0005085877319003399
-2.5560000000000003e-05,0.0005088495342307311
-2.5540000000000003e-05,0.0005087622713832198
-2.552e-05,0.0005087500846073525
-2.5500000000000003e-05,0.0005087469253945941
-2.548e-05,0.0005086523336331224
-2.546e-05,0.0005088026297661015
-2.544e-05,0.0005086410149934625
-2.542e-05,0.0005087685111277525
-2.54e-05,0.000508680251910491
-2.538e-05,0.000508723589970476
-2.536e-05,0.0005088122633810192
-2.534e-05,0.0005087041437286021
-2.532e-05,0.0005088778940123786
-2.5300000000000002e-05,0.0005088395742019268
-2.5280000000000002e-05,0.0005087126491025583
-2.5260000000000002e-05,0.0005087853475937527
-2.5240000000000002e-05,0.0005087130672048503
-2.5220000000000002e-05,0.0005088629180337314
-2.5200000000000003e-05,0.0005086414021337342
-2.518e-05,0.0005086804730501717
-2.5160000000000003e-05,0.0005088066959290342
-2.514e-05,0.0005085680439128925
-2.5120000000000003e-05,0.0005085641698492064
-2.51e-05,0.0005085762720790351
-2.508e-05,0.0005084449441292982
-2.506e-05,0.0005086013786168492
-2.504e-05,0.0005083549120664994
-2.502e-05,0.0005083807145610935
-2.5e-05,0.0005086331855311176
-2.498e-05,0.0005084294148452995
-2.496e-05,0.0005083688826665269
-2.4940000000000002e-05,0.0005082752164820163
-2.4920000000000002e-05,0.0005083489525466842
-2.4900000000000002e-05,0.000508412239976874
-2.4880000000000002e-05,0.0005081512256402011
-2.4860000000000003e-05,0.0005081943099290574
-2.4840000000000003e-05,0.0005082626169443781
-2.4820000000000003e-05,0.0005081238500919702
-2.48e-05,0.0005082227782880895
-2.4780000000000003e-05,0.0005080556150816658
-2.476e-05,0.0005080853103376067
-2.474e-05,0.000507874745262548
-2.472e-05,0.0005079685282412414
-2.47e-05,0.0005080263038537874
-2.468e-05,0.0005078703250862584
-2.466e-05,0.0005080142693828056
-2.464e-05,0.0005079559853359616
-2.462e-05,0.0005078460155920056
-2.46e-05,0.0005078561821343922
-2.4580000000000002e-05,0.000507873350652283
-2.4560000000000002e-05,0.0005075724952315977
-2.4540000000000002e-05,0.0005077555704259645
-2.4520000000000002e-05,0.0005077047238508493
-2.4500000000000003e-05,0.0005076513788749589
-2.4480000000000003e-05,0.0005075837924320377
-2.446e-05,0.0005076891487506831
-2.4440000000000003e-05,0.0005074966820753374
-2.442e-05,0.0005073764840097451
-2.4400000000000004e-05,0.0005072682100380879
-2.438e-05,0.0005073802395315692
-2.436e-05,0.0005072345045026392
-2.434e-05,0.0005073788808061322
-2.432e-05,0.0005073601607115208
-2.43e-05,0.0005072596248250141
-2.428e-05,0.0005073078376849494
-2.426e-05,0.000507285025384985
-2.4240000000000002e-05,0.0005072042991482456
-2.4220000000000002e-05,0.0005070904214755942
-2.4200000000000002e-05,0.0005073598395422209
-2.4180000000000002e-05,0.0005070748740878137
-2.4160000000000002e-05,0.0005070859720427662
-2.4140000000000003e-05,0.0005069236199841561
-2.4120000000000003e-05,0.0005069985597437351
-2.4100000000000003e-05,0.0005069527432120306
-2.408e-05,0.0005069166640457557
-2.4060000000000003e-05,0.0005069774128892606
-2.404e-05,0.0005068876993514681
-2.402e-05,0.0005067127194720946
-2.4e-05,0.0005069038751992846
-2.398e-05,0.0005068451931668107
-2.396e-05,0.0005067591183606578
-2.394e-05,0.0005068890103765064
-2.392e-05,0.0005070139040558949
-2.39e-05,0.000506927870100841
-2.3880000000000002e-05,0.0005069100643239436
-2.3860000000000002e-05,0.0005068633397526397
-2.3840000000000002e-05,0.0005068308148697357
-2.3820000000000002e-05,0.0005067931579009345
-2.3800000000000003e-05,0.0005068659949712741
-2.3780000000000003e-05,0.0005070191039169842
-2.3760000000000003e-05,0.0005067136863270355
-2.374e-05,0.0005068040595258382
-2.3720000000000003e-05,0.0005067702299158172
-2.37e-05,0.0005069066669178798
-2.3680000000000004e-05,0.0005068607190699565
-2.366e-05,0.0005068697516834999
-2.364e-05,0.0005068885517278681
-2.362e-05,0.0005067737704859194
-2.36e-05,0.0005068242029967121
-2.358e-05,0.0005067741985346998
-2.356e-05,0.0005067881088431568
-2.354e-05,0.0005069470143719086
-2.3520000000000002e-05,0.0005070200192066561
-2.3500000000000002e-05,0.00050678851883376
-2.3480000000000002e-05,0.000506888441192191
-2.3460000000000002e-05,0.0005069928807854254
-2.3440000000000003e-05,0.0005071959620199083
-2.3420000000000003e-05,0.0005070928280688533
-2.3400000000000003e-05,0.0005069896619602932
-2.3380000000000003e-05,0.0005069860345987304
-2.336e-05,0.0005069921223158835
-2.3340000000000004e-05,0.0005069134508875288
-2.332e-05,0.0005072018975972748
-2.33e-05,0.0005069930479696061
-2.328e-05,0.0005072890458532298
-2.326e-05,0.0005071736953008518
-2.324e-05,0.0005073612330907952
-2.322e-05,0.0005072685096117381
-2.32e-05,0.0005071280852118084
-2.318e-05,0.0005074889788095122
-2.3160000000000002e-05,0.000507230911113153
-2.3140000000000002e-05,0.000507341952466783
-2.3120000000000002e-05,0.0005075934265004669
-2.3100000000000002e-05,0.0005075410738879008
-2.3080000000000003e-05,0.0005075091848132445
-2.3060000000000003e-05,0.0005077406121706882
-2.3040000000000003e-05,0.0005076690978816233
-2.302e-05,0.0005075941314502124
-2.3000000000000003e-05,0.0005076758453535052
-2.298e-05,0.000507790403745364
-2.2960000000000004e-05,0.0005078238397719015
-2.294e-05,0.0005078487142338537
-2.292e-05,0.000507825719649063
-2.29e-05,0.0005078532235975707
-2.288e-05,0.0005079386052209198
-2.286e-05,0.0005078769217513931
-2.284e-05,0.000508012741887366
-2.2820000000000002e-05,0.0005080458794504564
-2.2800000000000002e-05,0.0005081133359943973
-2.2780000000000002e-05,0.0005080732833894023
-2.2760000000000002e-05,0.0005081737112010719
-2.2740000000000003e-05,0.000508240685153821
-2.2720000000000003e-05,0.0005082665821203031
-2.2700000000000003e-05,0.0005083683619062311
-2.2680000000000003e-05,0.0005082761050015523
-2.2660000000000003e-05,0.0005081968129048635
-2.264e-05,0.0005082784600806575
-2.2620000000000004e-05,0.0005085551692784794
-2.26e-05,0.0005084795328953195
-2.258e-05,0.0005083953135953345
-2.256e-05,0.0005085070943445721
-2.254e-05,0.0005085922916183618
-2.252e-05,0.0005086355632523595
-2.25e-05,0.0005086620595971729
-2.248e-05,0.0005086970101014638
-2.2460000000000002e-05,0.000508631879433466
-2.2440000000000002e-05,0.0005087298693883183
-2.2420000000000002e-05,0.0005087207433991259
-2.2400000000000002e-05,0.0005088202835129242
-2.2380000000000003e-05,0.0005088077969179174
-2.2360000000000003e-05,0.0005088333980204171
-2.234e-05,0.0005087335321766046
-2.2320000000000003e-05,0.0005088506784723707
-2.23e-05,0.0005086555329476712
-2.2280000000000004e-05,0.0005087945385615409
-2.226e-05,0.0005088466478146285
-2.2240000000000004e-05,0.0005087859569756178
-2.222e-05,0.0005088731337913882
-2.2200000000000004e-05,0.0005088223678323018
-2.218e-05,0.0005087822870768746
-2.216e-05,0.000508738713023254
-2.214e-05,0.0005089087283263907
-2.212e-05,0.0005089802039672105
-2.2100000000000002e-05,0.0005088171984053791
-2.2080000000000002e-05,0.0005088947991945365
-2.2060000000000002e-05,0.0005089798410231053
-2.2040000000000002e-05,0.0005089873535415617
-2.2020000000000003e-05,0.0005089306163051756
-2.2e-05,0.0005089693665604289
-2.1980000000000003e-05,0.0005088782903788782
-2.196e-05,0.0005087012099806484
-2.1940000000000003e-05,0.0005089350546434942
-2.192e-05,0.0005090235729741228
-2.1900000000000004e-05,0.0005087359597855803
-2.188e-05,0.0005088879992583722
-2.1860000000000004e-05,0.0005088970152193743
-2.184e-05,0.0005086569388380696
-2.182e-05,0.000508827338869966
-2.18e-05,0.0005088818983189975
-2.178e-05,0.0005088184279441082
-2.1760000000000002e-05,0.0005088244265910865
-2.1740000000000002e-05,0.0005087253311542544
-2.1720000000000002e-05,0.000508646356220384
-2.1700000000000002e-05,0.0005087822269723717
-2.1680000000000002e-05,0.0005086136732149811
-2.1660000000000003e-05,0.0005088223604858686
-2.1640000000000003e-05,0.0005084884016157476
-2.162e-05,0.0005085039079554298
-2.1600000000000003e-05,0.0005085176757501047
-2.158e-05,0.0005088372270024162
-2.1560000000000004e-05,0.0005085334792502039
-2.154e-05,0.0005085371849201798
-2.1520000000000004e-05,0.0005084168306576129
-2.15e-05,0.0005084370805940332
-2.1480000000000004e-05,0.0005082902849676865
-2.146e-05,0.0005082000141780527
-2.144e-05,0.0005082443664622427
-2.142e-05,0.0005083044812909008
-2.1400000000000002e-05,0.0005082006511299461
-2.1380000000000002e-05,0.0005083511965581683
-2.1360000000000002e-05,0.000507973486142534
-2.1340000000000002e-05,0.0005081217025943775
-2.1320000000000003e-05,0.0005080414718827644
-2.1300000000000003e-05,0.0005081353120416239
-2.128e-05,0.0005081621379438895
-2.1260000000000003e-05,0.0005079450688030907
-2.124e-05,0.000507982624763622
-2.1220000000000004e-05,0.0005079074744120537
-2.12e-05,0.0005077226577681026
-2.1180000000000004e-05,0.0005077843850772015
-2.116e-05,0.0005077104733431784
-2.1140000000000004e-05,0.0005078474694250897
-2.112e-05,0.0005077017996125367
-2.11e-05,0.000507601261178749
-2.108e-05,0.0005075443323474536
-2.106e-05,0.0005075391652797596
-2.1040000000000002e-05,0.0005073900374546601
-2.1020000000000002e-05,0.0005076261768080819
-2.1000000000000002e-05,0.0005073518536494049
-2.0980000000000002e-05,0.0005074232709936998
-2.0960000000000003e-05,0.0005073694490194251
-2.0940000000000003e-05,0.000507524946577424
-2.0920000000000003e-05,0.0005074286283634257
-2.09e-05,0.000507481248198284
-2.0880000000000003e-05,0.0005071428888383512
-2.086e-05,0.0005071889320794002
-2.0840000000000004e-05,0.0005072437075732667
-2.082e-05,0.0005073419595898643
-2.0800000000000004e-05,0.0005072239569308332
-2.078e-05,0.0005072978595728451
-2.0760000000000005e-05,0.000507222022790949
-2.074e-05,0.0005072260890742879
-2.072e-05,0.0005073343360329602
-2.0700000000000002e-05,0.0005071131346905095
-2.0680000000000002e-05,0.0005070811819088961
-2.0660000000000002e-05,0.0005071044511873754
-2.0640000000000002e-05,0.0005070256064636046
-2.0620000000000002e-05,0.000507048230398059
-2.0600000000000003e-05,0.0005070706333501122
-2.0580000000000003e-05,0.000506980315235522
-2.056e-05,0.0005072214877368927
-2.0540000000000003e-05,0.0005069991482760181
-2.052e-05,0.0005069308253519187
-2.0500000000000004e-05,0.0005070315433803491
-2.048e-05,0.0005069089581105217
-2.0460000000000004e-05,0.0005070048159843771
-2.044e-05,0.0005068950986502361
-2.0420000000000004e-05,0.000506929893017595
-2.04e-05,0.0005069312911393982
-2.038e-05,0.0005070479330221592
-2.036e-05,0.0005070694789894768
-2.0340000000000002e-05,0.0005069122806780634
-2.0320000000000002e-05,0.0005068620664379863
-2.0300000000000002e-05,0.000506845431541468
-2.0280000000000002e-05,0.0005070976710837106
-2.0260000000000003e-05,0.000506986332308816
-2.0240000000000003e-05,0.0005070618399228316
-2.0220000000000003e-05,0.0005069973457344442
-2.0200000000000003e-05,0.0005071098490907796
-2.018e-05,0.000507114117947607
-2.0160000000000003e-05,0.0005071398433817484
-2.014e-05,0.0005069884762951316
-2.0120000000000004e-05,0.0005073131200117571
-2.01e-05,0.0005072111501421561
-2.0080000000000004e-05,0.0005072899229215241
-2.006e-05,0.0005072974648400572
-2.0040000000000005e-05,0.0005070996869502148
-2.002e-05,0.0005074183429526608
-2e-05,0.0005072878968577514
-1.9980000000000002e-05,0.0005074705886146556
-1.9960000000000002e-05,0.0005074551190954916
-1.9940000000000002e-05,0.0005073867853678365
-1.9920000000000002e-05,0.0005075132330327313
-1.9900000000000003e-05,0.0005073672296499525
-1.9880000000000003e-05,0.0005074817271092092
-1.9860000000000003e-05,0.0005075918216750436
-1.984e-05,0.0005074194608004625
-1.9820000000000003e-05,0.0005077004932837176
-1.98e-05,0.0005076805189491888
-1.9780000000000004e-05,0.0005077308422114692
-1.976e-05,0.0005076117207631398
-1.9740000000000004e-05,0.0005074723507410773
-1.972e-05,0.0005077846026422091
-1.9700000000000005e-05,0.0005075491156864834
-1.968e-05,0.0005078960510306727
-1.966e-05,0.0005079194829353071
-1.9640000000000002e-05,0.0005078868532494636
-1.9620000000000002e-05,0.0005081447589796473
-1.9600000000000002e-05,0.0005080292431117761
-1.9580000000000002e-05,0.0005079306093963808
-1.9560000000000002e-05,0.0005080963963352437
-1.9540000000000003e-05,0.0005080965364878792
-1.9520000000000003e-05,0.0005082917234212666
-1.9500000000000003e-05,0.0005082687155903129
-1.9480000000000003e-05,0.0005083985573183026
-1.946e-05,0.0005081645610227358
-1.9440000000000004e-05,0.0005083273329514431
-1.942e-05,0.0005083887761441211
-1.9400000000000004e-05,0.0005083281769841532
-1.938e-05,0.0005084980867073078
-1.9360000000000004e-05,0.0005085479446215858
-1.934e-05,0.0005084882109201464
-1.9320000000000005e-05,0.0005084493967135299
-1.93e-05,0.0005086102665544643
-1.9280000000000002e-05,0.0005085255257347455
-1.9260000000000002e-05,0.0005086630528738131
-1.9240000000000002e-05,0.0005087643424035907
-1.9220000000000002e-05,0.0005086883432419291
-1.9200000000000003e-05,0.0005089145172433343
-1.9180000000000003e-05,0.0005087411389459348
-1.9160000000000003e-05,0.0005086439068227221
-1.9140000000000003e-05,0.0005087328505436866
-1.912e-05,0.0005088678011384532
-1.9100000000000003e-05,0.000508778614290434
-1.908e-05,0.0005087558470067382
-1.9060000000000004e-05,0.000508905164119896
-1.904e-05,0.0005087629037542911
-1.9020000000000004e-05,0.0005090424284644298
-1.9e-05,0.0005090307633935868
-1.8980000000000005e-05,0.000508862649936602
-1.896e-05,0.0005090343861844383
-1.894e-05,0.000509112800139334
-1.8920000000000002e-05,0.0005090716354016027
-1.8900000000000002e-05,0.000509161694740076
-1.8880000000000002e-05,0.0005090742844401081
-1.8860000000000002e-05,0.0005090139671026974
-1.8840000000000003e-05,0.0005093759590125836
-1.8820000000000003e-05,0.0005088131316933358
-1.8800000000000003e-05,0.0005091281421097153
-1.8780000000000003e-05,0.0005091565405528039
-1.8760000000000003e-05,0.0005091597683650186
-1.874e-05,0.0005092112354827306
-1.8720000000000004e-05,0.0005091332958179486
-1.87e-05,0.0005091363657535181
-1.8680000000000004e-05,0.0005089689656126603
-1.866e-05,0.0005091995706449959
-1.8640000000000004e-05,0.0005090259127899037
-1.862e-05,0.0005091126285065425
-1.8600000000000005e-05,0.0005089852371405159
-1.858e-05,0.0005090457494115628
-1.8560000000000002e-05,0.0005088051410821631
-1.8540000000000002e-05,0.0005090766236650185
-1.8520000000000002e-05,0.0005090125131283859
-1.8500000000000002e-05,0.0005088722734879006
-1.8480000000000003e-05,0.0005089135679669875
-1.8460000000000003e-05,0.0005088460210543298
-1.8440000000000003e-05,0.0005089644665516524
-1.8420000000000003e-05,0.0005088171242726874
-1.84e-05,0.0005088942321030998
-1.8380000000000004e-05,0.0005089996259686687
-1.836e-05,0.0005089222429148071
-1.8340000000000004e-05,0.0005088051095074716
-1.832e-05,0.0005085646509143566
-1.8300000000000004e-05,0.0005087398213096719
-1.828e-05,0.0005087984003736658
-1.8260000000000005e-05,0.0005088105297005856
-1.824e-05,0.000508766713404584
-1.8220000000000002e-05,0.0005087713591298665
-1.8200000000000002e-05,0.0005086266761013515
-1.8180000000000002e-05,0.0005086572557028158
-1.8160000000000002e-05,0.000508409539608412
-1.8140000000000003e-05,0.000508473176225877
-1.8120000000000003e-05,0.0005084243850452372
-1.8100000000000003e-05,0.0005083988596652971
-1.8080000000000003e-05,0.0005085449654151004
-1.8060000000000003e-05,0.0005084621841795916
-1.8040000000000003e-05,0.0005085212669765606
-1.802e-05,0.0005082547322874288
-1.8000000000000004e-05,0.000508194975725488
-1.798e-05,0.0005082126370715741
-1.7960000000000004e-05,0.0005080628642642833
-1.794e-05,0.0005080930439655218
-1.7920000000000005e-05,0.0005083366280261091
-1.79e-05,0.0005082067786590601
-1.7880000000000005e-05,0.0005082167189695752
-1.7860000000000002e-05,0.0005079238852524832
-1.7840000000000002e-05,0.0005080325054078229
-1.7820000000000002e-05,0.0005079393366095437
-1.7800000000000002e-05,0.0005079753314653577
-1.7780000000000003e-05,0.0005079394640692036
-1.7760000000000003e-05,0.0005078643668928947
-1.7740000000000003e-05,0.0005077746529766833
-1.7720000000000003e-05,0.0005077758372545937
-1.7700000000000003e-05,0.0005075355843096964
-1.768e-05,0.0005077253674819391
-1.7660000000000004e-05,0.0005076410931038876
-1.764e-05,0.0005078502780753395
-1.7620000000000004e-05,0.0005076903517409323
-1.76e-05,0.0005076424579284873
-1.7580000000000004e-05,0.0005075422876130352
-1.756e-05,0.0005074042067430155
-1.7540000000000005e-05,0.000507417990947615
-1.752e-05,0.0005076147994773102
-1.7500000000000002e-05,0.0005074813071055066
-1.7480000000000002e-05,0.0005074278074079302
-1.7460000000000002e-05,0.0005072445555812482
-1.7440000000000002e-05,0.0005072822000450558
-1.7420000000000003e-05,0.000507267554557622
-1.7400000000000003e-05,0.000507466130086302
-1.7380000000000003e-05,0.0005072919471211086
-1.7360000000000003e-05,0.000507402792954952
-1.7340000000000003e-05,0.0005072384933752262
-1.7320000000000004e-05,0.0005073321532688682
-1.73e-05,0.0005071898180102258
-1.7280000000000004e-05,0.0005073757463760605
-1.726e-05,0.000507130673729001
-1.7240000000000004e-05,0.0005073806110692263
-1.722e-05,0.0005072062480958914
-1.7200000000000005e-05,0.000507206924367539
-1.718e-05,0.0005070938179056068
-1.7160000000000005e-05,0.0005071380374027418
-1.7140000000000002e-05,0.0005071817435653224
-1.7120000000000002e-05,0.0005069735572944012
-1.7100000000000002e-05,0.0005070262031416768
-1.7080000000000002e-05,0.0005070194099809286
-1.7060000000000003e-05,0.000507058130794758
-1.7040000000000003e-05,0.0005070433884723962
-1.7020000000000003e-05,0.0005072286724483459
-1.7000000000000003e-05,0.0005071533616560629
-1.6980000000000003e-05,0.000507124553850602
-1.696e-05,0.0005071961834067386
-1.6940000000000004e-05,0.0005070836522410546
-1.692e-05,0.000507202554484004
-1.6900000000000004e-05,0.0005073440485688583
-1.688e-05,0.000507337653540828
-1.6860000000000005e-05,0.0005073469182752143
-1.684e-05,0.0005073696109261652
-1.6820000000000005e-05,0.0005071985157851249
-1.6800000000000002e-05,0.0005075143879239403
-1.6780000000000002e-05,0.00050727012827818
-1.6760000000000002e-05,0.0005075011200085382
-1.6740000000000002e-05,0.0005073162200886827
-1.6720000000000003e-05,0.000507339966414615
-1.6700000000000003e-05,0.000507542131003657
-1.6680000000000003e-05,0.0005073293336757167
-1.6660000000000003e-05,0.0005075756822071911
-1.6640000000000003e-05,0.0005074824606592335
-1.6620000000000004e-05,0.0005075587045855136
-1.6600000000000004e-05,0.0005075899567682581
-1.658e-05,0.0005075170963500074
-1.6560000000000004e-05,0.0005077246846194877
-1.654e-05,0.0005077173129122355
-1.6520000000000004e-05,0.0005076431385436376
-1.65e-05,0.0005077051593535104
-1.6480000000000005e-05,0.0005078072552548586
-1.646e-05,0.0005078361561893498
-1.6440000000000005e-05,0.0005078301804343874
-1.6420000000000002e-05,0.0005076931834706352
-1.6400000000000002e-05,0.000507849140993857
-1.6380000000000002e-05,0.0005077326971120481
-1.6360000000000003e-05,0.0005079686086153868
-1.6340000000000003e-05,0.000508023686195479
-1.6320000000000003e-05,0.0005081037801469639
-1.6300000000000003e-05,0.0005082134325212359
-1.6280000000000003e-05,0.0005080554507136987
-1.6260000000000004e-05,0.0005081122924009158
-1.624e-05,0.0005081369734293746
-1.6220000000000004e-05,0.0005081424371732648
-1.62e-05,0.000508226304057543
-1.6180000000000004e-05,0.0005082993752278382
-1.616e-05,0.0005082789255910856
-1.6140000000000005e-05,0.0005085627502460007
-1.612e-05,0.0005083956800019087
-1.6100000000000005e-05,0.0005084260286707128
-1.6080000000000002e-05,0.000508468770202177
-1.6060000000000002e-05,0.000508533845030897
-1.6040000000000002e-05,0.0005084640466278582
-1.6020000000000002e-05,0.0005087568082167502
-1.6000000000000003e-05,0.0005087181697891496
-1.5980000000000003e-05,0.0005087075609469955
-1.5960000000000003e-05,0.0005088615182432625
-1.5940000000000003e-05,0.0005088025342178268
-1.5920000000000003e-05,0.0005087714158205942
-1.5900000000000004e-05,0.0005087383777526635
-1.5880000000000004e-05,0.0005089406904684118
-1.586e-05,0.0005089201081634779
-1.5840000000000004e-05,0.0005088011876471772
-1.582e-05,0.0005088338456790139
-1.5800000000000005e-05,0.0005089788411966103
-1.578e-05,0.0005090834221128865
-1.5760000000000005e-05,0.0005092303849701708
-1.5740000000000002e-05,0.0005090174221967986
-1.5720000000000005e-05,0.0005090425017623653
-1.5700000000000002e-05,0.0005091711786862385
-1.5680000000000002e-05,0.000509008361542853
-1.5660000000000003e-05,0.000509100726745687
-1.5640000000000003e-05,0.0005091029199364468
-1.5620000000000003e-05,0.0005090539318121002
-1.5600000000000003e-05,0.0005091164023928957
-1.5580000000000003e-05,0.000509182058739195
-1.5560000000000003e-05,0.0005091151823824926
-1.5540000000000004e-05,0.0005091874464080324
-1.552e-05,0.0005093920459495586
-1.5500000000000004e-05,0.0005090863301397058
-1.548e-05,0.0005092368575741897
-1.5460000000000004e-05,0.0005093483928808561
-1.544e-05,0.0005093772804973657
-1.5420000000000005e-05,0.0005093787944542273
-1.54e-05,0.0005092207799090627
-1.5380000000000005e-05,0.0005093804932254692
-1.5360000000000002e-05,0.00050914747286761
-1.5340000000000002e-05,0.0005090699347464742
-1.5320000000000002e-05,0.0005091133500484081
-1.5300000000000003e-05,0.0005091435177893644
-1.5280000000000003e-05,0.0005090760046955577
-1.5260000000000003e-05,0.0005092825082227025
-1.5240000000000003e-05,0.0005092887659602816
-1.5220000000000003e-05,0.0005092680134434373
-1.5200000000000004e-05,0.0005090958848624628
-1.5180000000000004e-05,0.0005091257405396184
-1.5160000000000002e-05,0.0005089740587802617
-1.5140000000000002e-05,0.0005091437840861576
-1.5120000000000003e-05,0.0005090813569187667
-1.5100000000000003e-05,0.0005090221026145275
-1.5080000000000003e-05,0.000509068319518555
-1.5060000000000003e-05,0.0005090036861039455
-1.5040000000000003e-05,0.0005090058111736793
-1.5020000000000004e-05,0.0005089036688085023
-1.5000000000000004e-05,0.0005088916278575699
-1.4980000000000002e-05,0.0005091564616161347
-1.4960000000000002e-05,0.0005089825503864142
-1.4940000000000003e-05,0.0005085981207420579
-1.4920000000000003e-05,0.0005088102650697394
-1.4900000000000003e-05,0.0005088839424044079
-1.4880000000000003e-05,0.0005088040520215102
-1.4860000000000003e-05,0.0005086674627450685
-1.4840000000000004e-05,0.0005086447457197826
-1.4820000000000004e-05,0.0005086762585491858
-1.4800000000000002e-05,0.0005086534607721509
-1.4780000000000002e-05,0.0005085301235322479
-1.4760000000000003e-05,0.0005084374253997391
-1.4740000000000005e-05,0.0005083617366978389
-1.4720000000000001e-05,0.000508412622678827
-1.4700000000000002e-05,0.0005083007645411987
-1.4680000000000002e-05,0.0005084734489195108
-1.4660000000000002e-05,0.0005083973127774548
-1.4640000000000002e-05,0.0005084436935378428
-1.4620000000000002e-05,0.00050840586209423
-1.4600000000000003e-05,0.0005082436912504009
-1.4580000000000003e-05,0.000508288421244753
-1.4560000000000003e-05,0.0005081255713099451
-1.4540000000000003e-05,0.0005081894277099551
-1.4520000000000003e-05,0.0005081319213869961
-1.4500000000000003e-05,0.0005080197513943781
-1.4480000000000004e-05,0.0005081523719345343
-1.4460000000000004e-05,0.0005081141214983917
-1.4440000000000004e-05,0.0005079705333560472
-1.4420000000000004e-05,0.0005079379663595387
-1.4400000000000004e-05,0.0005078440176438458
-1.4380000000000005e-05,0.0005079788469286633
-1.4360000000000001e-05,0.0005078351144396248
-1.4340000000000002e-05,0.000507992547019148
-1.4320000000000002e-05,0.0005076436330333702
-1.4300000000000002e-05,0.0005076437231947988
-1.4280000000000002e-05,0.0005078393235582796
-1.4260000000000002e-05,0.0005078140865987281
-1.4240000000000003e-05,0.0005076635328516811
-1.4220000000000003e-05,0.0005076740555373956
-1.4200000000000003e-05,0.0005074694705436204
-1.4180000000000003e-05,0.0005077663372748063
-1.4160000000000003e-05,0.0005073830314931779
-1.4140000000000004e-05,0.0005073414038910599
-1.4120000000000004e-05,0.0005075906735028692
-1.4100000000000004e-05,0.0005073623175015085
-1.4080000000000004e-05,0.0005073564931362726
-1.4060000000000004e-05,0.0005076171569335267
-1.4040000000000004e-05,0.0005073346570998938
-1.4020000000000005e-05,0.0005074207455491253
-1.4000000000000001e-05,0.0005073901182552047
-1.3980000000000002e-05,0.0005073988360064848
-1.3960000000000002e-05,0.0005072420311157045
-1.3940000000000002e-05,0.0005074083770660569
-1.3920000000000002e-05,0.0005074661555556542
-1.3900000000000002e-05,0.000507253452046141
-1.3880000000000003e-05,0.0005074228565495308
-1.3860000000000003e-05,0.0005072905542911761
-1.3840000000000003e-05,0.0005072738877234369
-1.3820000000000003e-05,0.0005074552298176052
-1.3800000000000003e-05,0.0005072093986194164
-1.3780000000000004e-05,0.0005074202411616693
-1.3760000000000004e-05,0.0005072978451168306
-1.3740000000000004e-05,0.0005073633862969932
-1.3720000000000004e-05,0.0005072012800033136
-1.3700000000000004e-05,0.0005073962688160549
-1.3680000000000005e-05,0.0005073166599498834
-1.3660000000000005e-05,0.0005072184086957531
-1.3640000000000002e-05,0.0005072154202344333
-1.3620000000000002e-05,0.0005072988543027464
-1.3600000000000002e-05,0.0005074320640738335
-1.3580000000000002e-05,0.0005073860816948505
-1.3560000000000002e-05,0.0005072472671357934
-1.3540000000000003e-05,0.0005074313092469662
-1.3520000000000003e-05,0.0005072963855917229
-1.3500000000000003e-05,0.000507619869909278
-1.3480000000000003e-05,0.000507822232757646
-1.3460000000000003e-05,0.0005075470985083277
-1.3440000000000003e-05,0.0005074972144988358
-1.3420000000000004e-05,0.0005076218319014169
-1.3400000000000004e-05,0.0005076664106045632
-1.3380000000000004e-05,0.0005075159822641698
-1.3360000000000004e-05,0.0005075836892592985
-1.3340000000000004e-05,0.0005075539480781497
-1.3320000000000005e-05,0.0005075368848940793
-1.3300000000000005e-05,0.00050769807064349
-1.3280000000000002e-05,0.0005077990617269748
-1.3260000000000002e-05,0.0005075976176944974
-1.3240000000000002e-05,0.0005078262718698025
-1.3220000000000002e-05,0.000507942306333513
-1.3200000000000002e-05,0.0005078134293782313
-1.3180000000000003e-05,0.0005079269359321486
-1.3160000000000003e-05,0.0005078167915935078
-1.3140000000000003e-05,0.0005079568682788976
-1.3120000000000003e-05,0.0005079043338718976
-1.3100000000000003e-05,0.0005080270291749142
-1.3080000000000004e-05,0.0005080482269738154
-1.3060000000000004e-05,0.0005081495049859517
-1.3040000000000004e-05,0.0005082278115477529
-1.3020000000000004e-05,0.0005079541848771636
-1.3000000000000004e-05,0.0005080237250043094
-1.2980000000000004e-05,0.0005082323833592906
-1.2960000000000005e-05,0.0005081488734705748
-1.2940000000000005e-05,0.0005082898231583185
-1.2920000000000002e-05,0.0005083891308015167
-1.2900000000000002e-05,0.0005085054368336588
-1.2880000000000002e-05,0.000508479569698792
-1.2860000000000002e-05,0.0005084958663268518
-1.2840000000000002e-05,0.0005084879492332
-1.2820000000000003e-05,0.0005084440633874079
-1.2800000000000003e-05,0.0005085982762620312
-1.2780000000000003e-05,0.0005086244015489363
-1.2760000000000003e-05,0.0005088800931733769
-1.2740000000000003e-05,0.0005087535003131476
-1.2720000000000004e-05,0.0005087891055247744
-1.2700000000000004e-05,0.0005088583615761957
-1.2680000000000004e-05,0.0005088160653741635
-1.2660000000000004e-05,0.0005088071340234024
-1.2640000000000004e-05,0.0005087139147941424
-1.2620000000000005e-05,0.0005089296312530008
-1.2600000000000005e-05,0.0005090632872530654
-1.2580000000000005e-05,0.0005090294652693584
-1.2560000000000002e-05,0.0005091133666410022
-1.2540000000000002e-05,0.0005089924163455509
-1.2520000000000002e-05,0.0005092474913276913
-1.2500000000000002e-05,0.0005089429898680911
-1.2480000000000002e-05,0.0005089293227991165
-1.2460000000000003e-05,0.0005091738576198328
-1.2440000000000003e-05,0.00050916850597613
-1.2420000000000003e-05,0.0005092675425119159
-1.2400000000000003e-05,0.0005092754173475775
-1.2380000000000003e-05,0.0005091664392792475
-1.2360000000000004e-05,0.0005092192830609727
-1.2340000000000004e-05,0.0005092719475164227
-1.2320000000000004e-05,0.0005093603020294184
-1.2300000000000004e-05,0.0005093789115196316
-1.2280000000000004e-05,0.0005090477763822263
-1.2260000000000005e-05,0.0005093634306606533
-1.2240000000000005e-05,0.000509472211750419
-1.2220000000000005e-05,0.0005093131496766993
-1.2200000000000002e-05,0.0005095211996049074
-1.2180000000000002e-05,0.0005094113420222477
-1.2160000000000002e-05,0.0005095786213650704
-1.2140000000000002e-05,0.0005094481367995175
-1.2120000000000003e-05,0.0005095704451754319
-1.2100000000000003e-05,0.0005095179508650896
-1.2080000000000003e-05,0.0005094276765343635
-1.2060000000000003e-05,0.0005093134582816218
-1.2040000000000003e-05,0.000509404220200609
-1.2020000000000004e-05,0.0005094209782158745
-1.2000000000000004e-05,0.0005093119265972802
-1.1980000000000004e-05,0.0005094925111417515
-1.1960000000000004e-05,0.0005092632121999592
-1.1940000000000004e-05,0.0005094340556594329
-1.1920000000000004e-05,0.0005094973345186708
-1.1900000000000005e-05,0.0005093994694386572
-1.1880000000000005e-05,0.0005092525399042568
-1.1860000000000005e-05,0.0005093965053775661
-1.1840000000000002e-05,0.0005093581734368696
-1.1820000000000002e-05,0.0005094505404445709
-1.1800000000000002e-05,0.0005092726866431153
-1.1780000000000002e-05,0.0005092724514587195
-1.1760000000000003e-05,0.0005092842704816515
-1.1740000000000003e-05,0.0005091725757624648
-1.1720000000000003e-05,0.0005091726334917838
-1.1700000000000003e-05,0.0005092046432487654
-1.1680000000000003e-05,0.0005091580957995759
-1.1660000000000004e-05,0.0005089752468780378
-1.1640000000000004e-05,0.0005091135330378032
-1.1620000000000004e-05,0.000509061660667827
-1.1600000000000004e-05,0.0005090740650023729
-1.1580000000000004e-05,0.000509115918568117
-1.1560000000000005e-05,0.0005090801981711945
-1.1540000000000005e-05,0.000509150522775465
-1.1520000000000005e-05,0.0005090436715540236
-1.1500000000000005e-05,0.0005088041461115033
-1.1480000000000002e-05,0.0005088646496734908
-1.1460000000000002e-05,0.0005086722600125515
-1.1440000000000002e-05,0.0005087148894857919
-1.1420000000000002e-05,0.000508663834353764
-1.1400000000000003e-05,0.0005085251194256414
-1.1380000000000003e-05,0.0005085646535198
-1.1360000000000003e-05,0.0005085852503322232
-1.1340000000000003e-05,0.0005085572400204246
-1.1320000000000003e-05,0.0005086560642712625
-1.1300000000000004e-05,0.0005083824231852925
-1.1280000000000004e-05,0.0005084907920115694
-1.1260000000000004e-05,0.0005084877684641506
-1.1240000000000004e-05,0.0005086711237666334
-1.1220000000000004e-05,0.000508305029908665
-1.1200000000000005e-05,0.0005082819416384153
-1.1180000000000005e-05,0.0005082747303966424
-1.1160000000000005e-05,0.000508138199969124
-1.1140000000000005e-05,0.0005080258265688187
-1.1120000000000002e-05,0.0005080104047194108
-1.1100000000000002e-05,0.0005082240627747907
-1.1080000000000002e-05,0.0005079796621405853
-1.1060000000000003e-05,0.000508142535838395
-1.1040000000000003e-05,0.0005080922315614175
-1.1020000000000003e-05,0.0005079741459070447
-1.1000000000000003e-05,0.000508128050854239
-1.0980000000000003e-05,0.0005079319553885918
-1.0960000000000003e-05,0.0005077816297488914
-1.0940000000000004e-05,0.0005078063021277787
-1.0920000000000004e-05,0.0005078919788512303
-1.0900000000000004e-05,0.0005077639428314254
-1.0880000000000004e-05,0.0005077521056167636
-1.0860000000000004e-05,0.0005076569946302156
-1.0840000000000005e-05,0.0005080515298935735
-1.0820000000000005e-05,0.0005075886062265676
-1.0800000000000005e-05,0.0005077319201707522
-1.0780000000000005e-05,0.0005077310474518229
-1.0760000000000002e-05,0.0005075874023143012
-1.0740000000000002e-05,0.0005076780374676241
-1.0720000000000002e-05,0.0005075915259470648
-1.0700000000000003e-05,0.0005076211280906586
-1.0680000000000003e-05,0.0005075272491817886
-1.0660000000000003e-05,0.0005073172209900396
-1.0640000000000003e-05,0.0005077160931091756
-1.0620000000000003e-05,0.0005076323711668911
-1.0600000000000004e-05,0.0005074947958979534
-1.0580000000000004e-05,0.0005074825162751759
-1.0560000000000004e-05,0.0005074425377794726
-1.0540000000000004e-05,0.000507381513800873
-1.0520000000000004e-05,0.0005074932604329538
-1.0500000000000005e-05,0.0005074660500776735
-1.0480000000000005e-05,0.0005076298090870904
-1.0460000000000005e-05,0.0005074467615572582
-1.0440000000000005e-05,0.000507421664700124
-1.0420000000000005e-05,0.0005074329983968135
-1.0400000000000002e-05,0.0005075122839801059
-1.0380000000000002e-05,0.0005074172140417421
-1.0360000000000002e-05,0.0005075535656026137
-1.0340000000000003e-05,0.0005075412909520842
-1.0320000000000003e-05,0.0005073021558776571
-1.0300000000000003e-05,0.0005073847865101235
-1.0280000000000003e-05,0.0005076733847864381
-1.0260000000000003e-05,0.0005076346308380089
-1.0240000000000004e-05,0.0005075543559659888
-1.0220000000000004e-05,0.0005076354907464173
-1.0200000000000004e-05,0.0005076741123960947
-1.0180000000000004e-05,0.0005076218830139841
-1.0160000000000004e-05,0.000507578733129985
-1.0140000000000005e-05,0.0005078348470690853
-1.0120000000000005e-05,0.0005075939204801898
-1.0100000000000005e-05,0.000507899920276599
-1.0080000000000005e-05,0.0005076864120030624
-1.0060000000000005e-05,0.0005077073844553362
-1.0040000000000002e-05,0.0005077703561813147
-1.0020000000000002e-05,0.000507771170482486
-1e-05,0.0005079548110451044
